,2_clusters,3_clusters,4_clusters,5_clusters,6_clusters,7_clusters,8_clusters,9_clusters,building_ID
0,1,2,3,3,4,5,6,7,0
1,1,2,3,4,5,6,7,8,0
2,1,2,3,4,5,6,7,8,0
3,1,2,3,4,5,6,7,6,0
4,1,2,3,3,4,5,6,6,0
5,1,2,2,3,3,4,5,5,0
6,1,1,1,1,2,2,3,3,0
7,1,2,2,3,4,4,5,5,0
8,1,2,3,4,5,6,7,7,0
9,1,2,3,3,4,5,5,6,0
10,1,2,2,3,4,4,5,5,0
11,1,2,2,3,4,4,5,5,0
12,1,2,3,3,4,5,5,6,0
13,1,2,2,3,4,4,5,5,0
14,1,1,2,3,4,4,5,5,0
15,1,2,3,3,4,5,5,6,0
16,1,2,3,3,4,5,6,6,0
17,1,2,2,3,4,4,5,5,0
18,1,2,2,3,4,4,5,5,0
19,1,2,2,3,4,5,6,6,0
20,1,1,2,3,3,4,5,5,0
21,1,1,2,2,3,4,5,5,0
22,1,1,2,2,3,3,5,5,0
23,1,1,2,3,4,4,5,5,0
24,1,1,2,3,3,4,5,5,0
25,1,2,2,3,4,5,5,5,0
26,1,2,2,3,4,5,5,5,0
27,1,1,2,2,3,3,5,5,0
28,1,2,2,3,4,4,5,5,0
29,1,2,3,3,4,5,5,6,0
30,1,2,3,3,4,5,6,6,0
31,1,1,2,3,4,4,5,5,0
32,1,1,2,3,4,4,5,5,0
33,1,1,2,3,4,4,5,5,0
34,1,2,2,3,4,4,5,5,0
35,1,1,2,3,4,4,5,5,0
36,1,2,2,3,4,4,5,5,0
37,1,1,2,3,4,4,5,5,0
38,1,1,2,3,4,4,5,5,0
39,1,1,2,3,4,4,5,5,0
40,1,2,2,3,4,4,5,5,0
41,1,1,2,2,3,3,5,5,0
42,1,1,2,2,3,3,5,5,0
43,1,2,2,3,4,4,5,5,0
44,1,2,3,3,4,5,5,5,0
45,1,2,3,3,4,5,6,6,0
46,1,2,3,3,4,5,6,6,0
47,1,2,3,3,4,5,5,6,0
48,1,1,2,2,3,3,5,5,0
49,1,1,2,2,3,3,5,5,0
50,1,1,2,2,3,3,5,5,0
51,1,1,2,2,3,3,4,4,0
52,1,1,2,3,4,4,5,5,0
53,0,1,1,1,2,2,2,2,0
54,1,1,2,2,3,3,5,4,0
55,1,1,2,2,3,3,4,4,0
56,1,1,2,2,3,4,5,5,0
57,1,1,1,1,2,3,4,4,0
58,0,0,0,0,0,1,1,1,0
59,0,0,0,0,0,0,0,0,0
60,0,0,0,0,0,0,0,0,0
61,0,1,1,1,1,2,2,2,0
62,1,1,1,1,2,2,2,2,0
63,1,1,1,1,2,3,4,4,0
64,1,1,1,1,2,3,4,3,0
65,1,1,2,2,3,4,5,5,0
66,1,2,2,3,4,4,5,5,0
67,1,1,2,2,3,3,5,4,0
68,1,1,2,3,4,4,5,5,0
69,1,1,2,2,3,3,5,4,0
70,1,1,2,2,3,3,5,4,0
71,1,1,1,1,2,3,4,3,0
72,1,1,2,2,3,4,5,4,0
73,1,1,2,2,3,3,5,4,0
74,0,1,1,1,2,2,2,2,0
75,1,1,2,2,3,3,4,4,0
76,0,0,1,1,2,2,2,2,0
77,0,0,0,0,0,0,0,0,0
78,0,0,0,0,0,0,0,0,0
79,0,0,0,0,1,1,1,1,0
80,0,0,0,0,0,0,0,0,0
81,0,0,0,0,0,0,0,0,0
82,0,0,0,0,1,1,1,1,0
83,0,0,0,0,1,1,1,1,0
84,0,0,0,0,0,0,0,0,0
85,0,0,0,0,0,0,0,0,0
86,0,0,1,1,1,1,1,1,0
87,0,0,0,0,1,1,1,1,0
88,0,0,0,0,0,0,0,0,0
89,0,0,0,0,1,1,1,1,0
90,0,0,0,0,0,0,0,0,0
91,0,0,0,0,0,0,0,0,0
92,0,0,0,0,0,0,0,0,0
93,0,0,0,0,1,1,1,1,0
94,0,0,0,0,1,1,1,1,0
95,0,0,0,0,0,0,0,0,0
96,0,0,1,1,1,1,1,1,0
97,0,0,0,0,0,0,0,0,0
98,0,0,0,0,0,0,0,0,0
99,0,0,0,0,1,1,1,1,0
100,0,0,0,0,1,1,1,1,0
101,0,0,0,0,1,1,1,1,0
102,0,0,0,0,0,0,0,0,0
103,0,0,0,0,0,0,0,0,0
104,0,0,0,0,0,0,0,0,0
105,0,0,0,0,0,0,0,0,0
106,0,0,0,0,0,0,0,0,0
107,0,0,0,0,1,1,1,1,0
108,0,0,0,0,1,1,1,1,0
109,0,0,0,0,0,0,0,0,0
110,0,0,0,0,1,1,1,1,0
111,0,0,0,0,0,0,0,0,0
112,0,0,1,1,1,1,1,1,0
113,0,0,0,0,0,0,0,0,0
114,0,0,0,0,0,0,0,1,0
115,0,0,0,0,1,1,1,1,0
116,0,0,0,0,0,0,0,0,0
117,0,0,0,0,0,0,0,1,0
118,0,0,0,0,0,0,0,1,0
119,0,0,0,0,0,0,0,0,0
120,0,0,0,0,0,0,0,0,0
121,0,0,0,0,0,0,0,1,0
122,0,0,0,0,0,0,1,1,0
123,0,0,0,0,0,0,1,1,0
124,0,0,0,0,0,0,0,1,0
125,0,0,0,0,0,0,0,1,0
126,0,0,0,0,0,0,0,1,0
127,0,0,0,0,0,0,0,0,0
128,0,0,0,0,1,1,1,1,0
129,0,0,0,0,1,1,1,1,0
130,0,0,0,0,0,0,0,0,0
131,0,0,0,0,1,1,1,1,0
132,0,0,0,0,0,0,0,0,0
133,0,0,0,0,0,0,0,0,0
134,0,0,0,0,0,0,0,1,0
135,0,0,0,0,1,1,1,1,0
136,0,0,1,0,1,1,1,2,0
137,0,0,0,0,0,0,0,0,0
138,1,1,1,1,2,2,3,3,0
139,0,0,0,0,0,0,0,0,0
140,0,0,0,0,0,0,0,0,0
141,0,0,0,0,0,0,0,0,0
142,0,0,1,1,1,1,1,1,0
143,0,0,0,0,0,0,0,0,0
144,0,0,0,0,0,0,0,0,0
145,0,0,0,0,0,0,0,0,0
146,0,0,0,0,0,0,0,0,0
147,0,0,0,0,0,0,0,0,0
148,0,0,0,0,0,0,0,0,0
149,0,0,0,0,0,0,0,0,0
150,0,0,0,0,0,0,0,0,0
151,0,0,0,0,0,0,0,0,0
152,0,0,0,0,0,0,0,0,0
153,0,0,0,0,0,0,0,0,0
154,0,0,0,0,0,0,0,0,0
155,0,0,0,0,0,0,0,0,0
156,0,0,0,0,1,1,1,1,0
157,0,0,0,0,0,0,0,0,0
158,0,0,0,0,0,0,0,0,0
159,0,0,1,1,1,2,2,2,0
160,0,0,0,0,0,0,0,0,0
161,0,0,0,0,0,0,0,0,0
162,0,0,0,0,0,0,0,0,0
163,0,0,0,0,0,0,0,0,0
164,0,0,0,0,0,0,0,0,0
165,0,0,0,0,0,0,0,0,0
166,1,1,1,1,2,2,3,3,0
167,1,1,1,1,2,2,3,3,0
168,1,1,1,1,2,2,3,3,0
169,0,0,0,0,1,1,1,1,0
170,0,0,1,1,1,1,1,1,0
171,0,0,0,0,1,1,1,1,0
172,0,0,0,0,0,0,0,0,0
173,0,0,1,1,1,2,2,2,0
174,0,0,0,0,1,1,1,1,0
175,0,0,0,0,0,0,0,0,0
176,0,0,0,0,0,0,0,0,0
177,0,0,0,0,0,0,0,0,0
178,0,0,0,0,0,0,0,0,0
179,0,0,0,0,0,0,0,0,0
180,0,0,0,0,0,0,0,0,0
181,0,0,0,0,0,0,0,0,0
182,0,0,0,0,1,1,1,1,0
183,0,0,0,0,0,0,0,0,0
184,0,0,0,0,1,1,1,1,0
185,0,0,0,0,0,0,0,0,0
186,0,0,0,0,0,0,0,0,0
187,0,0,0,0,1,1,1,1,0
188,0,0,0,0,1,1,1,1,0
189,0,0,0,0,0,0,0,0,0
190,0,0,0,0,0,0,0,1,0
191,0,0,0,0,0,1,1,1,0
192,0,0,0,0,0,0,0,0,0
193,0,0,0,0,0,0,0,0,0
194,0,0,0,0,1,1,1,1,0
195,0,0,0,0,1,1,1,1,0
196,0,0,0,0,0,0,0,0,0
197,0,0,0,0,0,0,0,0,0
198,0,0,0,0,0,0,0,0,0
199,0,0,0,0,0,0,0,0,0
200,0,0,0,0,0,0,0,0,0
201,0,0,0,0,1,1,1,1,0
202,0,0,0,0,0,0,0,0,0
203,0,0,0,0,0,0,0,0,0
204,0,0,0,0,0,0,0,0,0
205,0,0,0,0,1,1,1,1,0
206,0,0,0,0,0,0,0,0,0
207,0,0,0,0,0,0,0,0,0
208,0,0,0,0,0,1,1,1,0
209,0,0,0,0,0,0,0,0,0
210,0,0,0,0,0,0,0,0,0
211,0,0,0,0,0,0,0,0,0
212,0,0,0,0,1,1,1,1,0
213,0,0,0,0,0,0,0,0,0
214,0,0,0,0,0,0,0,0,0
215,0,0,0,0,1,1,1,2,0
216,0,0,0,0,0,0,0,0,0
217,0,0,0,0,0,0,0,0,0
218,0,0,0,0,1,1,1,1,0
219,0,0,0,0,1,1,1,1,0
220,0,0,0,0,0,0,0,0,0
221,0,0,0,0,0,0,0,0,0
222,0,0,0,0,1,1,1,1,0
223,0,0,0,0,0,0,0,0,0
224,0,0,0,0,0,0,0,0,0
225,0,0,0,0,0,0,0,0,0
226,0,0,0,0,1,1,1,1,0
227,0,0,0,0,0,0,0,0,0
228,0,0,0,0,0,0,0,0,0
229,0,0,0,0,1,1,1,1,0
230,0,0,0,0,0,0,0,0,0
231,0,0,0,0,1,1,1,2,0
232,0,0,0,0,1,1,1,1,0
233,0,0,0,0,1,1,1,1,0
234,0,0,0,0,0,0,0,0,0
235,0,0,0,0,0,0,0,0,0
236,0,0,0,0,1,1,1,2,0
237,0,0,0,0,0,0,0,0,0
238,0,0,0,0,0,0,0,0,0
239,0,0,0,0,0,0,0,0,0
240,0,1,1,1,2,2,2,2,0
241,0,0,0,0,0,0,0,0,0
242,0,0,0,0,0,0,0,0,0
243,0,0,0,0,0,0,0,0,0
244,0,0,0,0,0,1,1,1,0
245,0,0,0,0,0,0,1,1,0
246,0,0,0,0,0,0,0,0,0
247,0,0,0,0,1,1,1,1,0
248,0,0,0,0,0,0,0,0,0
249,0,0,0,0,0,0,0,0,0
250,0,0,0,0,1,1,1,1,0
251,0,0,1,1,1,1,1,2,0
252,0,0,0,0,0,1,1,1,0
253,0,0,0,0,1,1,1,1,0
254,0,0,0,0,0,0,0,0,0
255,0,0,0,0,1,1,1,1,0
256,0,0,0,0,1,1,1,1,0
257,0,0,0,0,1,1,1,1,0
258,0,0,0,0,0,0,0,0,0
259,0,0,0,0,0,0,0,0,0
260,0,0,0,0,0,1,1,1,0
261,0,0,0,0,1,1,1,1,0
262,0,0,0,0,0,0,0,0,0
263,0,0,0,0,0,0,0,0,0
264,0,1,1,1,2,2,2,3,0
265,0,0,0,0,0,0,0,0,0
266,0,0,0,0,0,0,0,0,0
267,0,0,0,0,1,1,1,1,0
268,0,0,0,0,0,0,0,0,0
269,0,0,0,0,0,0,0,0,0
270,0,0,0,0,0,0,0,0,0
271,0,1,1,1,2,2,3,3,0
272,0,0,1,1,2,2,2,2,0
273,0,0,0,0,0,0,0,0,0
274,0,0,0,0,0,0,0,0,0
275,1,2,2,2,3,4,5,5,0
276,1,1,2,2,3,3,4,4,0
277,0,0,0,0,0,0,0,0,0
278,1,1,1,1,2,3,3,3,0
279,0,0,1,1,1,2,2,2,0
280,0,0,0,0,1,1,1,1,0
281,0,0,0,0,0,0,0,0,0
282,0,1,1,1,1,2,2,2,0
283,0,0,0,0,1,1,1,1,0
284,0,0,0,0,1,1,1,1,0
285,0,0,0,0,1,1,2,2,0
286,0,0,1,0,1,1,2,2,0
287,0,0,0,0,1,1,1,1,0
288,0,0,0,0,1,1,2,2,0
289,0,0,0,0,1,1,1,1,0
290,0,0,0,0,0,0,0,0,0
291,0,0,0,0,0,0,0,0,0
292,0,0,0,0,1,1,1,1,0
293,0,0,0,0,1,1,1,1,0
294,0,0,1,1,2,2,2,2,0
295,0,0,0,0,0,0,0,0,0
296,0,0,0,0,0,0,0,0,0
297,0,0,0,0,0,0,0,0,0
298,0,0,0,0,0,0,0,0,0
299,0,0,0,0,0,0,0,0,0
300,0,0,0,0,0,0,0,0,0
301,1,2,2,2,3,3,4,4,0
302,1,1,2,2,3,3,4,4,0
303,0,0,0,0,0,0,0,0,0
304,1,2,2,2,3,4,5,6,0
305,0,0,0,0,0,0,0,0,0
306,0,0,0,0,0,0,0,0,0
307,1,1,1,2,3,3,4,4,0
308,1,2,2,2,3,4,4,4,0
309,0,0,0,0,0,0,0,0,0
310,1,1,2,2,3,3,4,4,0
311,1,2,2,2,3,4,5,4,0
312,0,0,0,0,0,0,0,0,0
313,1,2,3,4,5,6,7,7,0
314,0,0,0,0,0,0,0,0,0
315,0,0,0,0,0,0,0,0,0
316,0,0,0,0,0,0,0,0,0
317,0,0,0,0,0,0,0,0,0
318,0,0,0,0,1,2,2,2,0
319,0,0,0,0,0,0,0,0,0
320,0,0,0,0,0,0,0,0,0
321,0,0,0,0,0,0,0,0,0
322,0,0,0,0,0,0,0,0,0
323,0,0,0,0,0,0,0,0,0
324,0,0,0,0,0,0,0,0,0
325,0,0,0,0,0,0,0,0,0
326,0,0,0,0,0,0,0,0,0
327,1,2,2,3,3,4,5,6,0
328,1,2,2,2,3,4,5,5,0
329,0,0,0,0,0,0,0,0,0
330,1,2,3,4,5,6,7,7,0
331,1,2,3,4,5,6,7,7,0
332,1,1,1,1,2,3,4,4,0
333,0,0,0,0,0,0,0,0,0
334,0,0,0,0,0,0,0,0,0
335,0,0,0,0,0,0,0,0,0
336,0,0,0,0,0,0,0,0,0
337,0,0,0,0,0,0,0,0,0
338,0,0,0,0,0,0,0,0,0
339,0,0,0,0,0,0,0,0,0
340,0,0,0,0,0,0,0,0,0
341,1,2,2,2,3,4,5,7,0
342,0,0,0,0,0,0,0,0,0
343,0,0,0,0,0,0,0,0,0
344,1,1,1,2,3,3,4,4,0
345,0,0,0,0,0,0,0,0,0
346,1,1,1,2,3,3,4,4,0
347,0,0,0,0,0,0,0,0,0
348,1,2,2,2,3,4,5,4,0
349,0,0,0,0,0,0,0,0,0
350,0,0,0,0,0,0,0,0,0
351,1,1,2,2,3,3,4,4,0
352,1,2,3,3,4,5,6,7,0
353,0,0,0,0,0,0,0,0,0
354,1,2,2,2,3,3,4,4,0
355,1,2,2,3,4,5,6,6,0
356,0,0,0,0,0,0,0,0,0
357,1,2,3,4,5,4,7,7,0
358,0,0,0,0,0,0,0,0,0
359,0,0,0,0,0,0,0,0,0
360,1,2,2,2,3,4,5,5,0
361,1,2,2,2,3,4,5,5,0
362,0,0,0,0,0,0,0,0,0
363,0,0,0,0,0,0,0,0,0
364,0,0,0,0,0,0,0,0,0
365,1,2,3,3,4,5,6,7,0
366,1,1,1,0,1,1,1,2,0
367,1,2,3,4,5,4,5,7,0
368,1,2,3,3,4,5,6,6,0
369,1,1,1,1,2,2,3,3,0
370,0,0,0,0,0,0,0,0,0
371,0,0,0,0,0,0,0,0,0
372,0,0,0,0,0,0,0,0,0
373,1,2,2,3,4,5,6,6,0
374,1,2,2,3,4,5,6,6,0
375,1,2,2,2,3,4,5,5,0
376,1,1,1,2,3,3,4,4,0
377,1,2,2,2,3,4,5,4,0
378,1,2,2,2,3,4,4,4,0
379,0,0,0,0,0,0,0,0,0
380,0,0,0,0,0,0,0,0,0
381,0,0,0,0,0,0,0,0,0
382,1,2,2,3,4,5,6,5,0
383,0,0,0,0,0,0,0,0,0
384,1,2,2,3,4,5,6,7,0
385,1,2,3,4,5,4,7,7,0
386,1,2,2,2,3,3,4,4,0
387,0,0,0,0,1,1,1,1,0
388,0,0,0,0,0,0,0,0,0
389,0,0,0,0,0,0,0,0,0
390,1,2,3,3,4,5,6,6,0
391,0,0,0,0,0,0,0,0,0
392,0,0,0,0,0,0,0,0,0
393,1,2,3,3,4,5,6,6,0
394,0,0,0,0,0,0,0,0,0
395,0,0,0,0,0,0,0,0,0
396,0,0,0,0,0,0,0,0,0
397,0,0,0,0,0,0,0,0,0
398,1,2,2,3,4,5,6,6,0
399,0,0,0,0,0,0,0,0,0
400,0,0,0,0,0,0,0,0,0
401,0,0,0,0,0,0,0,0,0
402,0,0,0,0,0,0,0,0,0
403,0,0,0,0,0,0,0,0,0
404,1,1,2,2,3,4,4,4,0
405,1,2,2,2,3,4,5,5,0
406,1,2,2,3,4,5,6,7,0
407,0,0,0,0,0,0,0,0,0
408,0,0,0,0,0,0,0,0,0
409,1,2,3,4,5,6,7,7,0
410,0,0,0,0,0,0,0,0,0
411,1,1,1,2,3,3,4,4,0
412,0,0,0,0,0,0,0,0,0
413,0,0,0,0,0,0,0,0,0
414,0,0,0,0,1,1,1,1,0
415,0,0,0,0,0,0,0,0,0
416,0,0,0,0,0,0,0,0,0
417,0,0,0,0,0,0,0,0,0
418,0,0,0,0,0,0,0,0,0
419,1,1,2,2,3,3,4,4,0
420,0,0,1,1,2,3,2,2,0
421,0,0,0,0,0,0,0,0,0
422,1,2,2,2,3,4,5,4,0
423,0,0,0,0,0,0,0,0,0
424,0,0,0,0,0,0,0,0,0
425,1,2,2,3,4,5,6,7,0
426,0,0,0,0,0,0,0,0,0
427,0,0,0,0,0,0,0,0,0
428,0,0,0,0,0,0,0,0,0
429,0,0,0,0,1,1,1,1,0
430,0,0,0,0,1,1,1,1,0
431,0,0,0,0,0,0,0,0,0
432,0,0,0,0,1,1,2,2,0
433,0,0,0,0,0,0,0,0,0
434,0,0,0,1,1,1,1,1,0
435,0,0,0,0,0,0,0,0,0
436,1,1,1,1,2,2,3,3,0
437,0,1,1,1,2,2,3,3,0
438,0,0,0,0,0,0,0,0,0
439,0,0,0,0,0,0,0,0,0
440,1,2,2,3,4,5,6,6,0
441,1,1,2,2,3,3,4,4,0
442,0,0,0,0,0,0,0,0,0
443,0,0,0,0,0,0,0,0,0
444,0,0,0,0,0,0,0,0,0
445,0,0,1,1,1,1,2,2,0
446,0,0,0,0,1,1,1,1,0
447,0,0,1,1,2,2,2,3,0
448,0,0,0,0,0,0,0,0,0
449,0,0,0,0,0,0,0,0,0
450,0,0,0,0,1,1,1,1,0
451,0,0,0,0,0,0,0,0,0
452,0,0,0,0,0,0,0,0,0
453,0,0,0,0,0,0,0,0,0
454,0,0,0,0,0,0,0,0,0
455,0,0,0,0,0,0,0,0,0
456,0,0,1,1,1,2,2,2,0
457,0,0,1,0,1,1,1,1,0
458,0,0,0,0,1,1,1,1,0
459,0,0,0,0,0,0,0,0,0
460,0,0,0,0,1,1,1,1,0
461,0,0,0,0,0,0,0,0,0
462,0,0,0,0,0,0,0,0,0
463,0,0,0,0,1,1,2,2,0
464,0,0,0,0,0,0,0,0,0
465,0,0,0,0,0,0,0,0,0
466,0,0,0,0,0,0,0,0,0
467,0,1,1,1,2,2,2,3,0
468,0,0,0,0,0,0,0,0,0
469,0,0,0,0,0,0,0,0,0
470,0,0,0,0,0,0,0,0,0
471,0,0,0,0,1,1,1,1,0
472,0,0,0,0,1,1,1,2,0
473,0,0,0,0,0,0,0,0,0
474,0,0,1,1,1,1,1,2,0
475,0,0,0,0,0,0,0,0,0
476,0,0,0,0,0,0,0,0,0
477,0,1,1,1,2,2,2,2,0
478,0,1,1,1,2,2,2,2,0
479,0,0,0,0,0,0,0,0,0
480,0,0,0,0,0,0,0,0,0
481,0,0,0,0,0,0,0,0,0
482,0,0,0,0,0,0,0,0,0
483,0,0,0,0,0,0,0,0,0
484,0,0,0,0,0,0,0,0,0
485,0,0,0,0,0,0,0,0,0
486,0,0,0,0,0,0,0,0,0
487,0,0,0,0,0,0,0,0,0
488,0,0,0,0,0,0,0,0,0
489,0,0,0,0,0,0,0,0,0
490,0,0,0,0,0,0,0,0,0
491,0,0,0,0,0,0,0,0,0
492,0,1,1,1,1,2,2,2,0
493,0,1,1,1,1,2,2,2,0
494,0,1,1,1,1,2,2,2,0
495,1,1,1,1,2,2,2,2,0
496,1,1,1,1,2,2,2,2,0
497,1,1,1,1,2,2,2,2,0
498,0,1,1,1,2,2,2,2,0
499,0,0,1,1,1,1,2,2,0
500,0,0,0,0,0,0,0,0,0
501,0,0,0,0,0,0,0,0,0
502,0,0,0,0,1,1,1,1,0
503,0,0,0,0,0,0,0,0,0
504,0,0,0,0,0,0,0,0,0
505,0,0,0,0,1,1,1,1,0
506,0,0,0,0,0,0,0,0,0
507,0,0,0,0,0,0,0,0,0
508,0,0,0,0,0,0,0,0,0
509,0,0,0,0,0,0,0,0,0
510,0,0,0,0,0,0,0,0,0
511,0,0,0,0,0,0,0,0,0
512,0,0,0,0,0,0,0,0,0
513,0,0,0,0,0,0,0,0,0
514,0,0,0,0,0,0,0,0,0
515,0,0,0,0,0,0,0,0,0
516,0,0,0,0,0,0,0,0,0
517,0,0,0,0,0,0,0,0,0
518,0,0,0,0,1,1,2,2,0
519,0,0,0,0,0,1,1,1,0
520,0,0,0,0,0,0,0,0,0
521,0,0,1,1,1,2,2,2,0
522,0,0,0,0,0,0,0,0,0
523,0,0,1,1,1,2,2,2,0
524,0,0,0,0,0,0,0,0,0
525,0,0,0,0,0,0,1,1,0
526,0,0,0,0,0,0,0,0,0
527,0,1,1,1,2,2,2,3,0
528,1,1,1,1,2,2,2,2,0
529,0,1,1,1,2,2,2,2,0
530,0,1,1,1,2,2,2,2,0
531,1,1,1,1,2,2,3,2,0
532,0,1,1,1,2,2,2,2,0
533,0,1,1,1,2,2,2,2,0
534,0,0,1,1,1,1,1,1,0
535,0,0,0,0,0,0,0,0,0
536,0,0,0,0,0,0,0,0,0
537,0,0,0,0,0,0,0,0,0
538,0,0,0,0,1,1,1,1,0
539,0,0,0,1,1,1,1,2,0
540,0,0,0,0,0,0,0,0,0
541,0,0,0,0,0,0,0,0,0
542,0,0,1,1,2,2,2,2,0
543,0,0,0,0,0,0,0,0,0
544,0,0,0,0,1,1,1,1,0
545,0,0,0,0,1,1,1,1,0
546,0,0,0,0,1,1,1,1,0
547,0,0,0,0,1,1,1,1,0
548,0,0,0,0,1,1,1,1,0
549,0,0,0,0,0,0,0,0,0
550,0,0,0,0,0,0,0,0,0
551,0,0,0,0,1,1,1,1,0
552,0,0,0,0,0,0,0,0,0
553,0,0,0,0,1,1,1,1,0
554,0,0,0,0,1,1,1,1,0
555,0,0,0,0,0,1,1,1,0
556,0,0,0,0,1,1,1,1,0
557,0,0,0,0,0,0,0,0,0
558,0,0,0,1,1,1,1,2,0
559,0,0,0,0,0,0,0,0,0
560,0,0,0,0,0,0,0,0,0
561,0,0,0,0,0,0,0,0,0
562,0,0,0,0,1,1,1,1,0
563,0,0,0,0,1,1,1,1,0
564,0,0,0,0,0,0,0,0,0
565,0,0,0,0,0,0,0,0,0
566,0,0,0,0,0,0,0,0,0
567,0,0,0,0,0,0,0,0,0
568,0,0,0,0,1,1,1,1,0
569,0,0,1,1,1,1,1,2,0
570,0,0,0,0,1,1,1,1,0
571,0,0,0,0,0,0,0,0,0
572,0,0,0,0,0,1,1,1,0
573,0,0,0,0,1,1,1,1,0
574,0,0,0,0,0,0,0,0,0
575,0,0,0,0,0,0,0,0,0
576,0,0,0,0,0,0,0,0,0
577,0,0,0,0,0,0,0,0,0
578,0,0,0,0,0,0,0,0,0
579,0,0,0,0,0,0,0,0,0
580,0,0,0,0,0,1,1,1,0
581,0,0,0,0,1,1,1,1,0
582,0,0,0,0,0,0,0,0,0
583,0,0,0,0,0,0,0,0,0
584,0,1,1,1,1,1,2,2,0
585,0,1,1,1,2,2,2,2,0
586,1,1,1,1,2,2,3,3,0
587,1,1,1,1,2,2,3,2,0
588,1,1,1,1,2,2,3,2,0
589,0,1,1,1,2,2,2,2,0
590,0,1,1,1,2,2,2,2,0
591,0,0,0,0,1,1,1,1,0
592,0,0,0,0,1,1,1,1,0
593,0,0,1,1,1,1,2,2,0
594,0,0,1,1,1,1,2,2,0
595,0,0,0,0,1,1,1,1,0
596,0,0,0,0,0,0,0,0,0
597,0,0,0,0,0,0,0,0,0
598,0,0,0,0,1,1,1,1,0
599,0,0,0,0,0,0,0,0,0
600,0,0,0,0,0,0,0,0,0
601,0,0,0,0,0,0,0,0,0
602,0,0,0,0,0,0,0,0,0
603,0,0,0,0,0,0,0,0,0
604,0,0,0,0,0,0,0,0,0
605,0,0,0,0,0,0,0,0,0
606,0,0,0,0,0,0,0,0,0
607,0,0,1,1,1,1,1,1,0
608,0,0,0,0,0,0,0,0,0
609,0,0,0,0,0,0,1,0,0
610,0,0,0,0,0,0,0,0,0
611,0,0,0,0,1,1,1,1,0
612,0,0,0,0,0,0,0,0,0
613,0,0,0,0,0,0,0,0,0
614,0,0,0,0,0,0,0,0,0
615,0,0,0,0,0,0,0,0,0
616,0,0,1,1,2,2,2,2,0
617,1,1,1,1,2,3,3,3,0
618,0,0,0,0,0,0,0,0,0
619,0,0,0,0,0,0,0,0,0
620,0,0,0,0,0,0,0,0,0
621,0,0,0,0,0,0,0,0,0
622,0,0,0,0,0,0,0,0,0
623,0,0,0,0,0,0,0,1,0
624,0,0,1,1,1,2,2,2,0
625,0,0,0,0,0,0,0,0,0
626,0,0,0,0,0,0,0,0,0
627,0,0,0,0,0,0,0,0,0
628,1,1,1,1,2,3,4,4,0
629,1,1,1,1,2,2,3,3,0
630,0,0,0,0,0,0,0,0,0
631,0,0,0,0,1,1,2,2,0
632,0,0,0,0,0,0,0,0,0
633,0,0,0,0,0,0,0,0,0
634,0,0,0,0,0,0,0,0,0
635,0,0,0,0,1,1,1,2,0
636,0,0,0,0,1,1,1,1,0
637,0,0,0,0,0,0,0,0,0
638,0,0,1,1,1,1,2,2,0
639,0,0,0,0,0,0,0,0,0
640,0,0,0,1,1,1,1,2,0
641,0,0,0,0,0,0,0,0,0
642,1,1,1,2,3,3,4,4,0
643,0,0,0,0,0,0,0,0,0
644,1,1,1,1,2,3,4,4,0
645,0,0,1,1,1,1,1,1,0
646,0,0,0,0,0,0,0,0,0
647,0,0,0,0,0,0,0,0,0
648,0,0,0,0,0,0,0,0,0
649,0,0,0,0,1,1,1,1,0
650,0,0,0,0,0,0,0,0,0
651,0,0,0,0,0,0,0,0,0
652,1,2,2,2,3,4,5,5,0
653,0,0,0,0,0,0,0,0,0
654,0,0,1,1,1,1,2,2,0
655,0,0,0,0,0,0,0,0,0
656,0,0,0,0,1,1,1,1,0
657,0,0,0,0,0,0,0,0,0
658,0,0,0,0,0,0,0,0,0
659,1,1,2,2,3,3,4,4,0
660,0,0,0,0,0,0,0,0,0
661,0,0,0,0,0,0,0,0,0
662,0,0,0,0,0,0,0,0,0
663,0,0,0,0,0,0,0,0,0
664,0,0,0,0,0,0,0,0,0
665,0,0,0,0,0,0,0,0,0
666,0,0,0,0,0,0,0,0,0
667,0,0,0,0,0,0,0,0,0
668,0,0,0,0,0,0,0,0,0
669,0,0,0,0,0,0,0,0,0
670,0,0,0,0,0,0,0,0,0
671,0,0,0,0,0,0,0,0,0
672,0,0,0,0,0,0,0,0,0
673,1,2,3,4,5,6,7,7,0
674,0,0,0,0,0,0,0,0,0
675,0,0,0,0,0,0,0,0,0
676,0,0,0,0,0,0,0,0,0
677,1,2,3,4,5,6,7,8,0
678,0,0,0,0,1,1,1,1,0
679,0,0,0,0,0,0,0,0,0
680,0,0,0,0,0,0,0,0,0
681,0,0,0,0,0,0,0,0,0
682,0,0,0,0,1,1,1,1,0
683,0,0,0,0,0,0,0,0,0
684,1,1,1,1,2,2,3,3,0
685,0,0,1,1,2,2,2,2,0
686,0,0,0,0,0,0,0,0,0
687,0,0,0,0,0,0,0,0,0
688,0,0,0,0,0,0,0,0,0
689,0,0,0,0,0,0,0,0,0
690,0,0,0,0,0,0,0,0,0
691,1,1,1,1,1,2,3,3,0
692,0,0,0,0,0,0,0,0,0
693,0,0,0,0,0,0,0,0,0
694,1,2,2,2,3,4,5,7,0
695,0,0,0,0,0,0,0,0,0
696,1,1,1,1,1,2,2,2,0
697,0,0,0,0,0,0,0,0,0
698,1,2,3,4,5,6,7,8,0
699,0,0,0,0,0,0,0,0,0
700,0,0,0,0,0,0,0,0,0
701,1,2,3,4,5,6,7,7,0
702,0,0,0,0,0,0,0,0,0
703,0,0,0,0,0,0,0,0,0
704,0,0,0,0,0,0,0,0,0
705,0,0,0,0,0,0,0,0,0
706,1,2,2,3,4,5,6,6,0
707,0,0,0,0,0,0,0,0,0
708,0,0,0,0,0,0,0,0,0
709,0,0,0,0,0,0,0,0,0
710,0,0,0,0,0,0,0,0,0
711,0,0,0,0,0,0,0,0,0
712,0,1,1,1,2,2,3,3,0
713,1,2,2,2,3,5,5,6,0
714,0,0,0,0,0,0,0,0,0
715,1,2,3,4,5,5,7,7,0
716,0,0,0,0,1,1,1,1,0
717,0,0,0,0,1,1,1,1,0
718,0,0,0,0,1,1,1,1,0
719,1,2,2,2,3,4,5,6,0
720,0,0,0,0,1,1,1,1,0
721,0,1,1,1,2,3,4,2,0
722,1,2,2,2,3,4,5,7,0
723,0,0,0,0,0,0,0,0,0
724,1,2,3,4,5,6,7,7,0
725,0,0,0,0,1,1,1,1,0
726,1,2,3,4,5,6,7,8,0
727,1,2,3,3,4,5,6,7,0
728,0,1,0,0,0,1,0,0,0
729,1,2,3,4,5,6,7,7,0
730,0,0,0,0,0,1,1,1,0
731,0,0,0,0,0,1,1,1,0
732,1,1,1,1,2,2,3,3,1
733,1,1,1,1,2,2,3,3,1
734,1,1,2,2,2,3,4,5,1
735,1,1,1,1,2,2,4,3,1
736,1,1,2,2,2,4,5,5,1
737,1,1,1,1,2,2,3,3,1
738,1,1,1,1,2,2,3,3,1
739,1,1,1,1,2,2,3,3,1
740,1,1,2,1,2,2,5,5,1
741,1,1,2,2,2,2,4,5,1
742,1,1,1,1,2,2,3,3,1
743,1,1,1,1,2,2,3,3,1
744,1,1,1,1,2,2,3,3,1
745,1,1,1,1,2,2,3,3,1
746,1,1,1,1,2,2,3,3,1
747,1,1,1,1,2,2,3,3,1
748,1,1,1,1,2,2,4,3,1
749,1,1,1,1,2,2,3,3,1
750,1,1,1,1,2,2,3,3,1
751,1,1,1,1,2,2,3,3,1
752,1,1,1,1,2,2,3,3,1
753,1,1,1,1,2,2,3,3,1
754,1,1,1,1,2,2,3,3,1
755,1,1,1,1,2,2,3,3,1
756,1,1,1,1,2,2,4,5,1
757,1,1,1,1,2,3,4,5,1
758,1,1,1,1,2,2,4,3,1
759,1,1,1,1,2,2,4,3,1
760,1,1,1,1,2,2,3,3,1
761,1,1,1,1,2,2,3,3,1
762,1,1,1,1,2,2,3,3,1
763,1,1,1,1,2,3,4,3,1
764,1,1,2,1,2,2,4,5,1
765,1,1,2,1,2,2,4,5,1
766,1,1,2,2,3,4,4,5,1
767,1,2,3,4,5,6,7,8,1
768,1,1,1,1,2,2,3,3,1
769,1,1,1,1,2,2,4,3,1
770,1,1,1,1,2,2,3,3,1
771,1,1,1,1,2,2,4,3,1
772,1,1,1,1,2,2,3,3,1
773,1,1,1,1,2,2,3,3,1
774,1,1,1,1,2,2,3,3,1
775,1,1,1,1,2,2,3,3,1
776,1,1,1,1,2,2,3,3,1
777,1,1,1,1,2,2,3,3,1
778,1,1,1,1,2,2,3,3,1
779,1,1,1,1,2,2,4,3,1
780,1,1,1,1,2,2,4,3,1
781,1,1,1,1,2,2,3,3,1
782,1,1,1,1,2,2,3,3,1
783,1,1,1,1,2,2,3,3,1
784,1,1,1,1,2,2,4,3,1
785,1,1,1,1,2,2,3,3,1
786,1,1,1,1,2,2,3,3,1
787,1,1,1,1,2,2,4,3,1
788,1,1,1,1,2,2,3,3,1
789,1,1,1,1,2,2,3,3,1
790,1,1,1,1,2,2,3,3,1
791,1,1,1,1,2,2,3,3,1
792,1,1,1,1,2,2,3,3,1
793,1,1,1,1,2,2,3,3,1
794,1,1,1,1,2,2,3,3,1
795,1,1,1,1,2,2,3,3,1
796,1,1,1,1,2,2,3,3,1
797,1,1,1,1,2,2,3,3,1
798,1,1,1,1,2,2,3,3,1
799,1,1,1,1,2,2,3,3,1
800,1,1,1,1,2,2,3,3,1
801,1,1,1,1,2,2,3,3,1
802,1,1,1,1,2,2,3,3,1
803,1,1,1,1,2,2,3,3,1
804,1,1,1,1,2,2,3,3,1
805,1,1,1,1,2,2,3,3,1
806,1,1,1,1,2,2,3,3,1
807,1,1,1,1,2,2,3,3,1
808,1,1,1,1,2,2,3,3,1
809,1,1,1,1,2,2,3,3,1
810,1,1,1,1,2,2,3,3,1
811,1,1,1,1,2,2,3,3,1
812,1,1,1,1,2,2,3,3,1
813,1,1,1,1,2,2,3,3,1
814,1,1,1,1,2,2,3,3,1
815,1,1,1,1,2,2,3,3,1
816,1,1,1,1,2,2,3,2,1
817,1,1,1,1,2,2,3,3,1
818,1,1,1,1,2,2,3,3,1
819,1,1,1,1,2,2,3,3,1
820,1,1,1,1,2,2,3,3,1
821,1,1,1,1,2,2,3,2,1
822,1,1,1,1,2,2,3,3,1
823,1,1,1,1,2,2,3,3,1
824,1,1,1,1,2,2,3,3,1
825,1,1,1,1,2,2,3,3,1
826,1,1,1,1,2,2,3,2,1
827,1,1,1,1,2,2,3,3,1
828,1,1,1,1,2,2,3,2,1
829,1,1,1,1,2,2,3,3,1
830,1,1,1,1,2,2,3,3,1
831,1,1,1,1,2,2,3,3,1
832,1,1,1,1,2,2,3,3,1
833,1,1,1,1,2,2,3,3,1
834,1,1,1,1,2,2,3,3,1
835,1,1,1,1,2,2,3,3,1
836,1,1,1,1,2,2,3,3,1
837,1,1,1,1,2,2,3,3,1
838,1,1,1,1,2,2,3,3,1
839,1,1,1,1,2,2,3,3,1
840,1,1,1,1,2,2,3,2,1
841,1,1,1,1,2,2,3,3,1
842,1,1,1,1,2,2,3,3,1
843,1,1,1,1,2,2,3,2,1
844,1,1,1,1,2,2,3,2,1
845,1,1,1,1,2,2,2,2,1
846,1,1,1,1,2,2,3,3,1
847,1,1,1,1,2,2,2,2,1
848,1,1,1,1,2,2,3,3,1
849,1,1,1,1,2,2,2,2,1
850,1,1,1,1,2,2,3,3,1
851,1,1,1,1,2,2,3,2,1
852,1,1,1,1,2,2,3,3,1
853,1,1,1,1,2,2,3,2,1
854,1,1,1,1,2,2,3,2,1
855,1,1,1,1,2,2,3,3,1
856,1,1,1,1,2,2,3,2,1
857,1,1,1,1,2,2,3,3,1
858,1,1,1,1,2,2,3,3,1
859,1,1,1,1,2,2,3,2,1
860,1,1,1,1,2,2,3,3,1
861,1,1,1,1,2,2,3,3,1
862,1,1,1,1,2,2,2,2,1
863,1,1,1,1,2,2,3,3,1
864,1,1,1,1,2,2,3,2,1
865,1,1,1,1,2,2,2,2,1
866,1,1,1,1,2,2,3,2,1
867,1,1,1,1,2,2,3,2,1
868,1,1,1,1,2,2,2,2,1
869,1,1,1,1,2,2,3,3,1
870,1,1,1,1,2,2,3,3,1
871,1,1,1,1,2,2,2,2,1
872,1,1,1,1,2,2,2,2,1
873,1,1,1,1,2,2,3,3,1
874,1,1,1,1,2,2,3,2,1
875,1,1,1,1,2,2,3,3,1
876,1,1,1,1,2,2,3,2,1
877,1,1,1,1,2,2,3,3,1
878,1,1,1,1,2,2,2,2,1
879,1,1,1,1,2,2,3,3,1
880,1,1,1,1,2,2,2,2,1
881,1,1,1,1,2,2,2,2,1
882,1,1,1,1,2,2,2,2,1
883,1,1,1,1,2,2,3,3,1
884,1,1,1,1,2,2,3,2,1
885,1,1,1,1,2,2,2,2,1
886,1,1,1,1,2,2,2,2,1
887,1,1,1,1,2,2,3,2,1
888,1,1,1,1,2,2,3,3,1
889,1,1,1,1,2,2,3,2,1
890,1,1,1,1,2,2,3,2,1
891,1,1,1,1,2,2,3,2,1
892,1,1,1,1,2,2,2,2,1
893,1,1,1,1,2,2,2,2,1
894,1,1,1,1,2,2,3,2,1
895,1,1,1,1,2,2,2,2,1
896,1,1,1,1,2,2,3,3,1
897,1,1,1,1,2,2,3,2,1
898,1,1,1,1,2,2,2,2,1
899,1,1,1,1,2,2,3,2,1
900,1,1,1,1,2,2,2,2,1
901,1,1,1,1,2,2,2,2,1
902,1,1,1,1,2,2,3,2,1
903,1,1,1,1,2,2,2,2,1
904,1,1,1,1,2,2,3,2,1
905,1,1,1,1,2,2,3,2,1
906,1,1,1,1,2,2,2,2,1
907,1,1,1,1,2,2,2,2,1
908,1,1,1,1,2,2,3,3,1
909,1,1,1,1,2,2,3,2,1
910,1,1,1,1,2,2,2,2,1
911,1,1,1,1,2,2,2,2,1
912,1,1,1,1,2,2,2,2,1
913,1,1,1,1,2,2,2,2,1
914,1,1,1,1,2,2,2,2,1
915,1,1,1,1,2,2,3,3,1
916,1,1,1,1,2,2,3,2,1
917,1,1,1,1,2,2,3,3,1
918,1,1,1,1,2,2,3,3,1
919,1,1,1,1,2,2,3,2,1
920,1,1,1,1,2,2,3,3,1
921,1,1,1,1,2,2,3,2,1
922,1,1,1,1,2,2,3,3,1
923,1,1,1,1,2,2,2,2,1
924,1,1,1,1,2,2,3,3,1
925,1,1,1,1,2,2,3,3,1
926,1,1,1,1,2,2,2,2,1
927,1,1,1,1,2,2,3,3,1
928,1,1,1,1,2,2,2,2,1
929,1,1,1,1,2,2,3,3,1
930,1,1,1,1,2,2,3,3,1
931,1,1,1,1,2,2,3,3,1
932,1,1,1,1,2,2,3,3,1
933,1,1,1,1,2,2,3,3,1
934,1,1,1,1,2,2,3,3,1
935,1,1,1,1,2,2,3,3,1
936,1,1,1,1,2,2,2,2,1
937,1,1,1,1,2,2,3,2,1
938,1,1,1,1,2,2,2,2,1
939,1,1,1,1,2,2,3,3,1
940,1,1,1,1,2,2,3,2,1
941,1,1,1,1,2,2,3,2,1
942,1,1,1,1,2,2,3,2,1
943,1,1,1,1,2,2,3,2,1
944,1,1,1,1,2,2,3,3,1
945,1,1,1,1,2,2,3,2,1
946,1,1,1,1,2,2,3,3,1
947,1,1,1,1,2,2,2,2,1
948,1,1,1,1,2,2,3,3,1
949,1,1,1,1,2,2,3,2,1
950,1,1,1,1,2,2,3,2,1
951,1,1,1,1,2,2,3,3,1
952,1,1,1,1,2,2,3,3,1
953,1,1,1,1,2,2,3,3,1
954,1,1,1,1,2,2,3,3,1
955,1,1,1,1,2,2,3,3,1
956,1,1,1,1,2,2,3,3,1
957,1,1,1,1,2,2,3,3,1
958,1,1,1,1,2,2,3,3,1
959,1,1,1,1,2,2,3,3,1
960,1,1,1,1,2,2,4,3,1
961,1,1,1,1,2,2,3,3,1
962,1,1,1,1,2,2,3,3,1
963,1,1,1,1,2,2,3,3,1
964,1,1,1,1,2,2,3,3,1
965,1,1,1,1,2,2,3,3,1
966,1,1,1,1,2,2,3,3,1
967,1,1,1,1,2,2,3,3,1
968,1,1,1,1,2,2,3,3,1
969,1,1,1,1,2,2,2,2,1
970,1,1,1,1,2,2,3,3,1
971,1,1,1,1,2,2,3,3,1
972,1,1,1,1,2,2,3,3,1
973,1,1,1,1,2,2,3,3,1
974,1,1,1,1,2,2,3,3,1
975,1,1,1,1,2,2,3,3,1
976,1,1,1,1,2,2,3,3,1
977,1,1,1,1,2,2,3,3,1
978,1,1,1,1,2,2,3,3,1
979,1,1,1,1,2,2,3,3,1
980,1,1,1,1,2,2,3,3,1
981,1,1,1,1,2,2,3,2,1
982,1,1,1,1,2,2,3,3,1
983,1,1,1,1,2,2,3,2,1
984,1,1,1,1,2,2,3,3,1
985,1,1,1,1,2,2,3,3,1
986,1,1,1,1,2,2,3,3,1
987,1,1,1,1,2,2,3,3,1
988,1,1,1,1,2,2,3,3,1
989,1,1,1,1,2,2,3,3,1
990,1,1,1,1,2,2,3,3,1
991,1,1,1,1,2,2,3,2,1
992,1,1,1,1,2,2,3,3,1
993,1,1,1,1,2,2,3,3,1
994,1,1,1,1,2,2,3,3,1
995,1,1,1,1,2,2,3,3,1
996,1,1,1,1,2,2,3,3,1
997,1,1,1,1,2,2,3,3,1
998,1,1,1,1,2,2,3,3,1
999,1,1,1,1,2,2,3,3,1
1000,1,1,1,1,2,2,3,3,1
1001,1,1,1,1,2,2,3,3,1
1002,1,1,1,1,2,2,3,3,1
1003,1,1,1,1,2,2,3,3,1
1004,1,1,1,1,2,2,3,3,1
1005,1,1,1,1,2,2,3,3,1
1006,1,1,1,1,2,2,3,3,1
1007,1,1,1,1,2,2,3,3,1
1008,1,1,1,1,2,2,3,3,1
1009,1,1,1,1,2,2,4,3,1
1010,1,1,1,1,2,2,3,3,1
1011,1,1,1,1,2,2,3,3,1
1012,1,1,1,1,2,2,3,3,1
1013,1,1,1,1,2,2,3,3,1
1014,1,1,1,1,2,2,3,3,1
1015,1,1,1,1,2,2,3,3,1
1016,1,1,1,1,2,2,3,3,1
1017,1,1,1,1,2,2,3,3,1
1018,1,1,1,1,2,2,3,3,1
1019,1,1,1,1,2,2,3,3,1
1020,1,1,1,1,2,2,3,3,1
1021,1,1,1,1,2,2,3,3,1
1022,1,1,1,1,2,2,3,3,1
1023,1,1,1,1,2,2,3,3,1
1024,1,1,1,1,2,2,3,3,1
1025,1,1,1,1,2,2,3,3,1
1026,1,1,1,1,2,2,3,3,1
1027,1,1,1,1,2,2,3,3,1
1028,1,1,1,1,2,2,3,3,1
1029,1,1,1,1,2,2,3,3,1
1030,1,1,1,1,2,2,3,3,1
1031,1,1,1,1,2,2,4,3,1
1032,1,1,1,1,2,2,3,3,1
1033,1,1,1,1,2,2,3,3,1
1034,1,1,1,1,2,2,3,3,1
1035,1,1,1,1,2,2,3,3,1
1036,1,1,1,1,2,2,3,3,1
1037,1,1,1,1,2,2,3,3,1
1038,1,1,1,1,2,2,3,3,1
1039,1,1,1,1,2,2,3,3,1
1040,1,1,1,1,2,2,4,3,1
1041,1,1,2,3,3,4,5,6,1
1042,1,1,1,1,2,2,3,3,1
1043,1,1,2,2,3,4,4,5,1
1044,1,1,2,2,3,4,5,5,1
1045,1,1,2,1,2,2,5,5,1
1046,1,1,2,1,2,3,4,5,1
1047,1,1,1,1,2,2,3,3,1
1048,1,2,3,4,5,6,7,7,1
1049,1,1,1,1,2,2,2,2,1
1050,1,2,2,3,4,4,5,5,1
1051,1,1,2,2,3,4,5,6,1
1052,1,2,2,3,4,5,5,6,1
1053,1,1,1,1,2,2,3,3,1
1054,1,2,3,4,5,6,7,8,1
1055,1,2,3,4,5,6,7,8,1
1056,1,1,1,1,2,2,4,3,1
1057,1,1,1,1,2,2,4,3,1
1058,1,1,1,1,2,2,4,3,1
1059,1,1,1,1,2,2,3,3,1
1060,1,1,1,1,2,2,3,3,1
1061,1,1,1,1,2,2,3,3,1
1062,1,1,1,1,2,2,3,3,1
1063,1,1,1,1,2,2,3,3,1
1064,1,1,1,1,2,2,4,3,1
1065,1,1,2,1,2,3,4,5,1
1066,1,1,1,1,2,2,3,3,1
1067,1,1,1,1,2,2,3,3,1
1068,1,1,1,1,2,2,4,3,1
1069,1,1,1,1,2,2,3,3,1
1070,1,1,1,1,2,2,3,3,1
1071,1,1,1,1,2,2,3,3,1
1072,1,1,1,1,2,2,3,3,1
1073,1,1,1,1,2,2,4,5,1
1074,1,1,1,1,2,2,3,3,1
1075,1,1,1,1,2,2,3,3,1
1076,1,1,1,1,2,2,3,3,1
1077,1,1,1,1,2,2,3,3,1
1078,1,1,1,1,2,2,3,3,1
1079,1,1,1,1,2,2,3,3,1
1080,1,1,1,1,2,2,3,3,1
1081,1,1,1,1,2,2,3,3,1
1082,1,2,2,3,4,4,5,6,1
1083,1,1,1,1,2,2,4,3,1
1084,1,1,1,1,2,2,3,3,1
1085,1,1,1,1,2,2,3,3,1
1086,1,1,1,1,2,2,3,3,1
1087,1,1,1,1,2,2,3,3,1
1088,1,1,1,1,2,2,3,3,1
1089,1,1,1,1,2,2,4,3,1
1090,1,1,1,1,2,2,3,3,1
1091,1,1,1,1,2,2,3,3,1
1092,1,1,1,1,2,2,4,3,1
1093,1,2,3,3,4,5,6,6,1
1094,1,2,3,3,4,5,5,6,1
1095,1,1,1,1,2,2,4,3,1
1096,1,2,3,4,5,6,7,7,1
1097,1,2,3,4,5,6,7,7,1
1098,1,1,1,1,2,2,4,3,1
1099,1,1,1,1,2,2,4,3,1
1100,1,1,2,3,4,5,5,6,1
1101,1,1,2,3,3,4,5,5,1
1102,1,1,1,1,2,2,3,3,1
1103,1,2,2,3,4,5,6,6,1
1104,1,1,1,1,2,2,3,3,1
1105,1,1,1,1,2,2,3,3,1
1106,1,1,1,1,2,2,3,3,1
1107,1,2,3,3,4,5,6,6,1
1108,1,2,3,4,5,6,7,7,1
1109,1,1,1,1,2,2,3,3,1
1110,1,1,1,1,2,2,4,3,1
1111,1,1,1,1,2,2,3,3,1
1112,1,1,1,1,2,2,3,3,1
1113,1,1,1,1,2,2,3,3,1
1114,1,1,1,1,2,2,3,3,1
1115,1,1,1,1,2,2,4,3,1
1116,1,2,3,3,4,4,5,6,1
1117,1,1,1,1,2,2,3,3,1
1118,1,1,1,1,2,2,4,3,1
1119,1,1,1,1,2,2,3,3,1
1120,1,1,1,1,2,2,3,3,1
1121,1,1,1,1,2,2,3,3,1
1122,1,1,1,1,2,2,3,3,1
1123,1,1,1,1,2,2,4,3,1
1124,1,1,1,1,2,2,4,3,1
1125,1,1,1,1,2,2,4,3,1
1126,1,1,1,1,2,2,4,3,1
1127,1,2,2,3,4,4,5,6,1
1128,1,1,1,1,2,2,4,3,1
1129,1,1,2,2,3,4,5,5,1
1130,1,1,2,2,3,4,5,5,1
1131,1,2,2,3,4,4,5,6,1
1132,1,1,1,1,2,2,3,3,1
1133,1,1,2,2,3,4,5,6,1
1134,1,1,1,1,2,2,3,3,1
1135,1,1,1,1,2,2,3,3,1
1136,1,1,1,1,2,2,3,3,1
1137,1,1,1,1,2,2,3,3,1
1138,1,1,1,1,2,2,3,3,1
1139,1,1,1,1,2,2,3,3,1
1140,1,1,1,1,2,2,3,3,1
1141,1,1,1,1,2,2,3,3,1
1142,1,1,1,1,2,2,3,3,1
1143,1,1,1,1,2,2,3,3,1
1144,1,1,1,1,2,2,3,3,1
1145,1,1,1,1,2,2,3,3,1
1146,1,1,1,1,2,2,3,3,1
1147,1,1,1,1,2,2,3,3,1
1148,1,1,1,1,2,2,3,3,1
1149,1,1,1,1,2,2,3,3,1
1150,1,1,1,1,2,2,3,3,1
1151,1,1,1,1,2,2,3,3,1
1152,1,1,1,1,2,2,3,3,1
1153,1,1,1,1,2,2,3,3,1
1154,1,1,1,1,2,2,3,3,1
1155,1,1,1,1,2,2,3,3,1
1156,1,1,1,1,2,2,3,3,1
1157,1,1,1,1,2,2,3,3,1
1158,1,1,1,1,2,2,3,3,1
1159,1,1,1,1,2,2,3,3,1
1160,1,1,1,1,2,2,3,2,1
1161,1,1,1,1,2,2,3,3,1
1162,1,1,1,1,2,2,3,3,1
1163,1,1,1,1,2,2,3,3,1
1164,1,1,1,1,2,2,3,3,1
1165,1,1,1,1,2,2,3,3,1
1166,1,1,1,1,2,2,3,3,1
1167,1,1,1,1,2,2,3,3,1
1168,1,1,1,1,2,2,3,3,1
1169,1,1,1,1,2,2,3,3,1
1170,1,1,1,1,2,2,3,3,1
1171,1,1,1,1,2,2,3,3,1
1172,1,1,1,1,2,2,3,3,1
1173,1,1,1,1,2,2,3,3,1
1174,1,1,1,1,2,2,2,2,1
1175,0,1,1,1,2,2,2,2,1
1176,0,1,1,1,1,1,2,2,1
1177,0,0,1,0,1,1,2,2,1
1178,0,0,1,0,1,1,2,2,1
1179,0,0,1,1,1,1,2,2,1
1180,0,1,1,1,1,2,2,2,1
1181,0,1,1,1,1,2,2,2,1
1182,0,0,0,0,0,0,1,1,1
1183,0,0,0,0,0,0,0,0,1
1184,0,0,0,0,0,0,0,0,1
1185,0,0,0,0,0,0,0,0,1
1186,0,0,0,0,0,0,0,0,1
1187,0,0,0,0,0,1,1,1,1
1188,0,0,0,0,0,0,0,0,1
1189,0,0,0,0,0,0,0,0,1
1190,0,0,0,0,0,0,0,0,1
1191,0,0,0,0,0,0,0,0,1
1192,0,0,0,0,0,0,0,0,1
1193,0,0,0,0,0,0,0,0,1
1194,0,0,0,0,0,0,0,0,1
1195,0,0,0,0,0,0,0,0,1
1196,0,0,0,0,0,0,0,0,1
1197,0,0,0,0,0,0,0,0,1
1198,0,0,0,0,0,0,0,0,1
1199,0,0,0,0,0,0,0,0,1
1200,0,0,0,0,0,0,0,0,1
1201,0,0,0,0,0,0,0,0,1
1202,0,0,0,0,0,0,0,0,1
1203,0,0,0,0,0,0,0,0,1
1204,0,0,0,0,0,0,0,0,1
1205,0,0,0,0,0,0,0,0,1
1206,0,0,0,0,0,0,0,0,1
1207,0,0,0,0,0,0,0,0,1
1208,0,0,0,0,0,0,0,0,1
1209,0,0,0,0,0,0,0,0,1
1210,0,0,0,0,0,0,0,0,1
1211,0,0,0,0,0,0,0,0,1
1212,0,0,0,0,0,0,0,0,1
1213,0,0,0,0,0,0,0,0,1
1214,0,0,0,0,0,0,0,0,1
1215,0,0,0,0,0,0,0,0,1
1216,0,0,0,0,0,0,0,0,1
1217,0,0,0,0,0,0,0,0,1
1218,0,0,0,0,0,0,0,0,1
1219,0,0,0,0,0,0,0,0,1
1220,0,0,0,0,0,0,0,0,1
1221,0,0,0,0,0,0,0,0,1
1222,0,0,0,0,0,0,0,0,1
1223,0,0,0,0,0,0,0,0,1
1224,0,0,0,0,0,0,0,0,1
1225,0,0,0,0,0,0,0,0,1
1226,0,0,0,0,0,0,0,0,1
1227,0,0,0,0,0,0,0,0,1
1228,0,0,0,0,0,0,0,0,1
1229,0,0,0,0,0,0,0,0,1
1230,0,0,0,0,0,0,0,0,1
1231,0,0,0,0,0,0,0,0,1
1232,0,0,0,0,0,0,0,0,1
1233,0,0,0,0,0,0,0,0,1
1234,0,0,0,0,0,0,0,0,1
1235,0,0,0,0,0,0,0,0,1
1236,0,0,0,0,0,0,0,0,1
1237,0,0,0,0,0,0,0,0,1
1238,0,0,0,0,0,0,0,0,1
1239,0,0,0,0,0,0,0,0,1
1240,0,0,0,0,0,0,0,0,1
1241,0,0,0,0,0,0,0,0,1
1242,0,0,0,0,0,0,0,0,1
1243,0,0,0,0,0,0,0,0,1
1244,0,0,0,0,0,0,0,0,1
