,highLoad,highLoad_SD,baseLoad,baseLoad_SD,Morning Rise Start,High Load Start,High Load Finish,Afternoon Fall Finish,highLoadDuration,riseTime,fallTime,Base To Peak Ratio,building_ID
0,0.7924128174781799,0.18933335945946292,0.1152210682630539,0.5402959059691388,5,6,94,95,22.0,0.25,0.25,0.14540535655359543,0
1,0.7909000515937805,0.1811660789981175,0.12739652395248413,0.48389224154669386,0,0,94,95,23.5,0.0,0.25,0.1610779057300114,0
2,0.7744844555854797,0.16960447657182603,0.10014727711677551,0.6709835331368281,0,0,94,95,23.5,0.0,0.25,0.1293083113476669,0
3,0.7665742039680481,0.19140227327915343,0.09508448839187622,0.7008762089775101,0,0,92,93,23.0,0.0,0.25,0.12403820517268473,0
4,0.8041868805885315,0.17907426295119552,0.12898914515972137,0.5204919760891327,0,1,95,96,23.5,0.25,0.25,0.16039697770911496,0
5,0.7995318174362183,0.17568148247216064,0.11327752470970154,0.5827871778809739,0,1,95,96,23.5,0.25,0.25,0.1416798209143667,0
6,0.7683408260345459,0.18685941793334998,0.1758301556110382,0.3807364928207874,0,1,95,96,23.5,0.25,0.25,0.22884395785462608,0
7,0.7394048571586609,0.18310839324458258,0.0924612432718277,0.6328931296836455,0,0,93,95,23.25,0.0,0.5,0.1250481956896145,0
8,0.780325174331665,0.17313893690070736,0.09949009865522385,0.6434633745053202,0,2,93,95,22.75,0.5,0.5,0.12749825576297136,0
9,0.7876014709472656,0.18225213716610564,0.13573472201824188,0.4868341793278584,0,1,92,95,22.75,0.25,0.75,0.17233934550044802,0
10,0.7609006762504578,0.18788569376211978,0.08625432103872299,0.7277899817212942,0,0,94,95,23.5,0.0,0.25,0.11335818685792777,0
11,0.7746850252151489,0.1981100646007735,0.0955238863825798,0.7397841619050123,5,6,92,93,21.5,0.25,0.25,0.12330674180264488,0
12,0.7782453298568726,0.18280712564114152,0.10298140347003937,0.6266661746948509,0,0,95,96,23.75,0.0,0.25,0.13232511589755216,0
13,0.7474247813224792,0.19846923058090593,0.11262426525354385,0.5950510754276231,1,2,95,96,23.25,0.25,0.25,0.15068307616756915,0
14,0.7619062066078186,0.19846252718036497,0.11396291106939316,0.5987440509163175,0,0,95,96,23.75,0.0,0.25,0.14957603715657103,0
15,0.792250394821167,0.18414891907434955,0.1275101751089096,0.5121544623429791,0,0,95,96,23.75,0.0,0.25,0.16094681169290198,0
16,0.7008779048919678,0.19195445871085265,0.13797393441200256,0.47523077943259917,0,0,95,96,23.75,0.0,0.25,0.19685873024242312,0
17,0.7968016266822815,0.17603787834528328,0.13876329362392426,0.4389921680556798,0,0,91,94,22.75,0.0,0.75,0.17415036437827838,0
18,0.719050407409668,0.20090919309423738,0.11393657326698303,0.5979605563790632,0,1,94,95,23.25,0.25,0.25,0.15845422253139677,0
19,0.7423561811447144,0.1934033177916396,0.09302294254302979,0.7708007350707967,0,0,90,91,22.5,0.0,0.25,0.1253076958281512,0
20,0.740488588809967,0.19514179241857482,0.09373824298381805,0.7545478086822908,0,0,95,96,23.75,0.0,0.25,0.1265897198152155,0
21,0.7917938828468323,0.18747345039711769,0.1297183334827423,0.5938272306941214,0,1,95,96,23.5,0.25,0.25,0.16382841076815383,0
22,0.7214869856834412,0.20118376216268552,0.07627420127391815,0.753032083498171,1,2,94,96,23.0,0.25,0.5,0.10571805560936914,0
23,0.7805309891700745,0.1835271368294963,0.13581839203834534,0.45082322704034333,0,0,95,96,23.75,0.0,0.25,0.1740076869757071,0
24,0.7513857483863831,0.20930930122183908,0.1099102646112442,0.5998980741878371,0,0,95,96,23.75,0.0,0.25,0.14627674912290903,0
25,0.7457253932952881,0.20350486476272933,0.11370983719825745,0.5990969262232244,1,3,95,96,23.0,0.5,0.25,0.15248218475675707,0
26,0.7420232892036438,0.1971139846824084,0.10912266373634338,0.5815126330413712,0,0,94,95,23.5,0.0,0.25,0.14706096873786306,0
27,0.7158725261688232,0.19975345427126676,0.1035490483045578,0.6688245847387394,0,0,95,96,23.75,0.0,0.25,0.1446473282872403,0
28,0.747154951095581,0.21683252653731339,0.10879774391651154,0.703282555569267,0,0,93,96,23.25,0.0,0.75,0.14561603822202793,0
29,0.7414806485176086,0.18687554667487033,0.14279332756996155,0.45215277576315144,0,1,94,96,23.25,0.25,0.5,0.19257863014421003,0
30,0.7592859864234924,0.1780476115900321,0.11215853691101074,0.5488638181375644,0,0,95,96,23.75,0.0,0.25,0.14771579999693846,0
31,0.7444678544998169,0.20276874528926836,0.13062651455402374,0.5713957261056305,0,0,95,96,23.75,0.0,0.25,0.1754629347183665,0
32,0.7433765530586243,0.1940513506121696,0.10900937765836716,0.5962795684858258,0,1,95,96,23.5,0.25,0.25,0.14664086082598093,0
33,0.7759683728218079,0.1726688468312503,0.11819806694984436,0.5892725265243747,1,2,94,96,23.0,0.25,0.5,0.15232330477596304,0
34,0.7538655996322632,0.20623654011309192,0.10879063606262207,0.5879910546985433,0,1,95,96,23.5,0.25,0.25,0.1443103865141085,0
35,0.7682662010192871,0.1817169391082635,0.1292186826467514,0.5885459388155913,0,2,95,96,23.25,0.5,0.25,0.168195193899344,0
36,0.7723157405853271,0.1772197203307971,0.10295022279024124,0.5730014919221624,0,0,95,96,23.75,0.0,0.25,0.1333006921653788,0
37,0.7276597619056702,0.20156316234173935,0.10021432489156723,0.5861777360743685,0,0,93,94,23.25,0.0,0.25,0.13772140516484746,0
38,0.7618887424468994,0.19033705168336518,0.13690800964832306,0.459131847534666,0,0,92,96,23.0,0.0,1.0,0.17969554085892667,0
39,0.7154735922813416,0.19617504001906086,0.11088544875383377,0.5760953605952861,0,0,94,96,23.5,0.0,0.5,0.15498188884968786,0
40,0.8044540286064148,0.17165177428605743,0.1061994805932045,0.5801654822734597,0,0,95,96,23.75,0.0,0.25,0.1320143560933839,0
41,0.7457228302955627,0.18818493387459972,0.10815375298261642,0.5695442269786254,0,0,94,95,23.5,0.0,0.25,0.14503210655324894,0
42,0.7775654792785645,0.18560068833542961,0.10686202347278595,0.6108166772155297,0,1,93,96,23.0,0.25,0.75,0.13743154283538148,0
43,0.7719913721084595,0.16638158547965212,0.1284865289926529,0.5273355380086134,0,0,94,95,23.5,0.0,0.25,0.1664351877945618,0
44,0.7386980652809143,0.19867733743490534,0.10697001218795776,0.6180285502705528,0,0,94,95,23.5,0.0,0.25,0.14480884303829725,0
45,0.7849774360656738,0.18010962786194043,0.14765460789203644,0.48905023376381695,0,1,91,93,22.5,0.25,0.5,0.18810044863465752,0
46,0.7145341634750366,0.20042794839527275,0.09719133377075195,0.5600789203360726,0,2,95,96,23.25,0.5,0.25,0.13602055540364305,0
47,0.7674108147621155,0.19481527674876079,0.09713689237833023,0.7524964347056601,0,2,95,96,23.25,0.5,0.25,0.12657743481037734,0
48,0.7543041706085205,0.20752036882451724,0.14198730885982513,0.5127039555729395,1,2,95,96,23.25,0.25,0.25,0.18823614450557735,0
49,0.7438305020332336,0.20809798223553125,0.09365151077508926,0.7570962950328222,0,0,94,96,23.5,0.0,0.5,0.12590437004007804,0
50,0.7349221110343933,0.21180496558501022,0.09269846975803375,0.6138389947160285,0,2,94,95,23.0,0.5,0.25,0.12613373358376967,0
51,0.7861733436584473,0.19314955495913508,0.11006079614162445,0.5912964363249393,0,1,93,95,23.0,0.25,0.5,0.13999558370862333,0
52,0.7561290264129639,0.20665244991620513,0.10098259150981903,0.6490656320428425,0,1,95,96,23.5,0.25,0.25,0.1335520631827548,0
53,0.7675968408584595,0.18739619034987823,0.09550347179174423,0.70547591525495,0,0,95,96,23.75,0.0,0.25,0.12441879214215595,0
54,0.7513107061386108,0.19301740703735737,0.10697810351848602,0.5141004981210247,0,1,95,96,23.5,0.25,0.25,0.1423886318195889,0
55,0.7248863577842712,0.2168215876644267,0.12633714079856873,0.49693778571329156,0,0,95,96,23.75,0.0,0.25,0.17428544411394084,0
56,0.7686471939086914,0.18984222333542186,0.14028248190879822,0.4820137626168475,0,0,95,96,23.75,0.0,0.25,0.18250568403878484,0
57,0.78492271900177,0.18302103879026957,0.10025127232074738,0.7096819456254982,0,0,92,94,23.0,0.0,0.5,0.12772120094605302,0
58,0.7722206711769104,0.1835389530472001,0.12785251438617706,0.47791894720267525,1,2,92,94,22.5,0.25,0.5,0.16556473966349824,0
59,0.7344306707382202,0.20027565996970223,0.10788890719413757,0.6002513431069588,0,1,88,90,21.75,0.25,0.5,0.14690141832678635,0
60,0.7430539727210999,0.20211752380021877,0.10836783796548843,0.6267571039578519,1,2,94,95,23.0,0.25,0.25,0.145841139330216,0
61,0.7738558053970337,0.1726047947084628,0.135940283536911,0.49240309825998557,0,1,93,95,23.0,0.25,0.5,0.17566616750670447,0
62,0.7786234617233276,0.20492678097001837,0.08827987313270569,0.7692579386607368,0,0,95,96,23.75,0.0,0.25,0.1133794156899868,0
63,0.7366935610771179,0.18478594528477182,0.07868970185518265,0.7469282689771097,0,0,92,94,23.0,0.0,0.5,0.10681470018569271,0
64,0.7980071306228638,0.1779775615165975,0.12911242246627808,0.5329875465515498,0,1,94,96,23.25,0.25,0.5,0.16179356989642776,0
65,0.7068232893943787,0.21060722803093504,0.07989351451396942,0.6148567124922341,0,1,93,95,23.0,0.25,0.5,0.11303180825072119,0
66,0.7568854093551636,0.19479825458737812,0.12887190282344818,0.5208535127751838,4,5,95,96,22.5,0.25,0.25,0.1702660683249819,0
67,0.7423988580703735,0.18978205492788422,0.11925485730171204,0.5319406656805437,0,0,95,96,23.75,0.0,0.25,0.16063448374863692,0
68,0.7589499950408936,0.20716281810479611,0.11421705037355423,0.6009062128240054,0,1,91,96,22.5,0.25,1.25,0.15049351224700913,0
69,0.7488989233970642,0.19669491411435083,0.1238812655210495,0.5630584044252677,2,4,94,96,22.5,0.5,0.5,0.16541787102472302,0
70,0.7422330975532532,0.19386062193412543,0.11532618850469589,0.5463697198087271,0,0,95,96,23.75,0.0,0.25,0.1553773186413606,0
71,0.7737597227096558,0.19048243836206105,0.10736048221588135,0.5988012225115339,0,0,95,96,23.75,0.0,0.25,0.13875170684758828,0
72,0.7810190320014954,0.1802724690107282,0.1361158937215805,0.4613923262835315,0,2,92,94,22.5,0.5,0.5,0.1742798678961256,0
73,0.7479531168937683,0.20492403079203203,0.12303493171930313,0.5433545186659448,0,0,94,96,23.5,0.0,0.5,0.16449551307475568,0
74,0.7257966995239258,0.17692226264136662,0.1394060254096985,0.419817233506282,0,0,95,96,23.75,0.0,0.25,0.19207310463266028,0
75,0.7601562738418579,0.1744718193070879,0.13869357109069824,0.4221380923566715,0,1,95,96,23.5,0.25,0.25,0.18245402407814884,0
76,0.765113353729248,0.1654101298238332,0.09594550728797913,0.7208406574274624,0,1,95,96,23.5,0.25,0.25,0.1254003825973367,0
77,0.7401283979415894,0.1987453143978068,0.10133752971887589,0.6199959077420066,0,2,94,95,23.0,0.5,0.25,0.13691885083819388,0
78,0.7634848952293396,0.1683773967533055,0.14486442506313324,0.4897877292284765,0,2,94,95,23.0,0.5,0.25,0.1897410491920971,0
79,0.7855061888694763,0.16870073976710892,0.12973517179489136,0.5212870906163066,0,0,94,96,23.5,0.0,0.5,0.16516123441574668,0
80,0.7729552388191223,0.19985119953004452,0.11013190448284149,0.5550702242117154,0,0,95,96,23.75,0.0,0.25,0.14248160689239242,0
81,0.731934666633606,0.2132188599415008,0.08734606951475143,0.5546172178339868,0,1,95,96,23.5,0.25,0.25,0.11933588269084594,0
82,0.7430024147033691,0.17968690335382934,0.08433662354946136,0.7259727708099407,0,2,95,96,23.25,0.5,0.25,0.11350787276126324,0
83,0.7556341886520386,0.1796941345719853,0.09420082718133926,0.7287651815121873,2,3,94,96,22.75,0.25,0.5,0.12466459114215349,0
84,0.7887910008430481,0.1805602500038349,0.13016115128993988,0.5211955580370252,0,0,90,91,22.5,0.0,0.25,0.16501348411787858,0
85,0.7454090118408203,0.20503038248863256,0.09987509995698929,0.6212025295917369,0,0,94,96,23.5,0.0,0.5,0.13398697677446017,0
86,0.7608323097229004,0.1790131619767345,0.1129334345459938,0.5241993673301614,0,0,95,96,23.75,0.0,0.25,0.14843406766876768,0
87,0.7521536946296692,0.1844994411225255,0.11068645119667053,0.528584517965838,0,1,95,96,23.5,0.25,0.25,0.1471593531840167,0
88,0.7744700908660889,0.16704225328265346,0.08648312836885452,0.6680807152643246,0,0,94,95,23.5,0.0,0.25,0.11166748643855381,0
89,0.7202936410903931,0.21446187528145508,0.09177658706903458,0.6414815013259003,0,0,95,96,23.75,0.0,0.25,0.12741551755212163,0
90,0.7754467129707336,0.20752081674812684,0.09478360414505005,0.673493040205508,0,0,95,96,23.75,0.0,0.25,0.12223097030347113,0
91,0.7483851909637451,0.19408744311402998,0.09170408546924591,0.729499263668444,0,0,93,96,23.25,0.0,0.75,0.12253594349074771,0
92,0.758996844291687,0.19148896319998643,0.10952716320753098,0.5934139460821944,0,0,94,96,23.5,0.0,0.5,0.14430516283601177,0
93,0.7318130731582642,0.2050417111032885,0.12246115505695343,0.5264017344856172,1,3,93,96,22.5,0.5,0.75,0.16733939246049737,0
94,0.7176485657691956,0.20879160923726417,0.12587572634220123,0.4944446660780027,0,1,95,96,23.5,0.25,0.25,0.17540023396728197,0
95,0.7509221434593201,0.19460578790151084,0.0974813848733902,0.6290968248351196,0,0,92,93,23.0,0.0,0.25,0.1298155683947694,0
96,0.8041254281997681,0.1651950976748475,0.14305979013442993,0.4102518806155461,0,0,95,96,23.75,0.0,0.25,0.17790730788691056,0
97,0.7140340805053711,0.22383804454675252,0.07901205122470856,0.7505877517181342,2,3,95,96,23.0,0.25,0.25,0.11065585436592366,0
98,0.7562392354011536,0.19859482365010406,0.09462573379278183,0.6584122485099151,0,1,95,96,23.5,0.25,0.25,0.12512671832292172,0
99,0.7536746263504028,0.20438141708664959,0.1301392763853073,0.48828928703146357,0,0,95,96,23.75,0.0,0.25,0.1726730233913994,0
100,0.7490544319152832,0.19566959957501553,0.0818985104560852,0.7748566442192996,1,3,95,96,23.0,0.5,0.25,0.109335859941014,0
101,0.77461838722229,0.19953233471376444,0.1410444676876068,0.46110438363823186,0,0,95,96,23.75,0.0,0.25,0.18208251961766522,0
102,0.7600626349449158,0.20185694338848792,0.10727467387914658,0.5823482829024786,2,3,94,96,22.75,0.25,0.5,0.14113925477591874,0
103,0.7336572408676147,0.20648465162032204,0.09566569328308105,0.6121311457790759,6,8,94,96,21.5,0.5,0.5,0.1303956233975799,0
104,0.7606780529022217,0.16275538588597765,0.10006215423345566,0.5988232788773589,0,0,89,92,22.25,0.0,0.75,0.13154336956572843,0
105,0.7505806684494019,0.21136600751517512,0.11460566520690918,0.5337078224368669,0,1,95,96,23.5,0.25,0.25,0.1526893377678764,0
106,0.7655870914459229,0.1950950685200266,0.13670048117637634,0.4717985888966138,0,0,95,96,23.75,0.0,0.25,0.17855640815233387,0
107,0.7657718062400818,0.19165628398759324,0.08256873488426208,0.7623867236325534,0,0,95,96,23.75,0.0,0.25,0.10782420325667547,0
108,0.7483134865760803,0.20109329101795778,0.103826142847538,0.5651962220572216,1,2,95,96,23.25,0.25,0.25,0.13874685504145606,0
109,0.7703966498374939,0.20203070209609805,0.12616799771785736,0.5822284445560412,0,3,94,96,22.75,0.75,0.5,0.16377017961393137,0
110,0.7238675951957703,0.21325901646039605,0.12553860247135162,0.5732295059570293,0,2,95,96,23.25,0.5,0.25,0.1734275761265424,0
111,0.7859010696411133,0.19307165016133201,0.10213913023471832,0.6272606329239686,2,3,94,95,22.75,0.25,0.25,0.12996436088496585,0
112,0.7846488356590271,0.18300153377833236,0.14298011362552643,0.46862374264387324,0,0,92,96,23.0,0.0,1.0,0.18222178779560327,0
113,0.7625678777694702,0.20520152158480937,0.09912484884262085,0.6475114985276954,0,0,94,95,23.5,0.0,0.25,0.12998823020524214,0
114,0.7603380084037781,0.19227784896234074,0.10227909684181213,0.6047244878008413,3,4,94,95,22.5,0.25,0.25,0.13451793243446108,0
115,0.7524012923240662,0.21299929597877684,0.08125736564397812,0.6901644012994835,1,2,95,96,23.25,0.25,0.25,0.10799737649703534,0
116,0.7426168918609619,0.20119031604672075,0.08738933503627777,0.6695948861976753,0,0,94,96,23.5,0.0,0.5,0.11767754813290651,0
117,0.7700997591018677,0.17971301372354612,0.08553480356931686,0.7182118791977936,0,0,92,94,23.0,0.0,0.5,0.11106977058280373,0
118,0.720695436000824,0.1979730115869616,0.11116167157888412,0.5433261569959035,0,1,94,96,23.25,0.25,0.5,0.15424223052628994,0
119,0.7775508165359497,0.18139677786467265,0.08726362884044647,0.6139205397800573,2,4,95,96,22.75,0.5,0.25,0.11222884342043755,0
120,0.7496579885482788,0.20779093538818816,0.09970936179161072,0.650249529917736,0,0,95,96,23.75,0.0,0.25,0.13300646870274674,0
121,0.7605869174003601,0.21041589100014724,0.12010014802217484,0.589829107713736,0,2,95,96,23.25,0.5,0.25,0.15790456721589408,0
122,0.7618741989135742,0.17785886278090784,0.1320156306028366,0.5365852433438355,0,2,95,96,23.25,0.5,0.25,0.1732774660056604,0
123,0.770570695400238,0.18172425097062345,0.10416863113641739,0.6153113195597226,0,1,95,96,23.5,0.25,0.25,0.1351837433712837,0
124,0.7882734537124634,0.1842037986442984,0.14110951125621796,0.4992459105616768,0,2,90,91,22.0,0.5,0.25,0.1790108630344542,0
125,0.7171574234962463,0.22148238371230491,0.07606097310781479,0.6541035315750802,0,1,94,96,23.25,0.25,0.5,0.10605896364707001,0
126,0.7684281468391418,0.1847164170884694,0.09760544449090958,0.6122160492889481,0,1,95,96,23.5,0.25,0.25,0.12701961125760497,0
127,0.7520895004272461,0.20149304151032876,0.10845169425010681,0.6529952995780475,0,0,93,94,23.25,0.0,0.25,0.14420051627964187,0
128,0.7760106325149536,0.1901756722981531,0.11598571389913559,0.5282977392603836,0,1,95,96,23.5,0.25,0.25,0.14946407824753685,0
129,0.7358824610710144,0.20033313869632408,0.11567073315382004,0.5301860610807183,0,0,95,96,23.75,0.0,0.25,0.15718642483403003,0
130,0.7732912302017212,0.19463698178326355,0.10740209370851517,0.6428287652013335,0,0,95,96,23.75,0.0,0.25,0.1388895793897704,0
131,0.768008291721344,0.19513259600803753,0.12004242092370987,0.5909563543438076,0,0,95,96,23.75,0.0,0.25,0.15630354804458907,0
132,0.7812910079956055,0.18977153298838073,0.09623536467552185,0.49381329698497084,0,0,94,95,23.5,0.0,0.25,0.12317480131047809,0
133,0.777618408203125,0.19234460235077117,0.12258332222700119,0.464837895915329,0,0,95,96,23.75,0.0,0.25,0.15763942948606313,0
134,0.7630078792572021,0.19633928535159503,0.13812220096588135,0.46551998311832793,0,0,95,96,23.75,0.0,0.25,0.18102329572316483,0
135,0.752179741859436,0.18624159850618274,0.09679710865020752,0.656422761649423,0,0,95,96,23.75,0.0,0.25,0.12868880038023747,0
136,0.749237060546875,0.20254914992006437,0.13050971925258636,0.5047498053002851,0,0,95,96,23.75,0.0,0.25,0.17419015439162355,0
137,0.7809677720069885,0.1845999397823234,0.1278500258922577,0.591624640000373,0,0,95,96,23.75,0.0,0.25,0.16370717265796933,0
138,0.7235077023506165,0.19392628133175213,0.1174643412232399,0.5857347395758045,0,0,92,96,23.0,0.0,1.0,0.16235396090685422,0
139,0.7550034523010254,0.19357413947075738,0.14022408425807953,0.4704113448708588,1,3,92,94,22.25,0.5,0.5,0.18572641466832812,0
140,0.7836270928382874,0.1737246085271704,0.1176488995552063,0.5347553678879696,0,1,94,96,23.25,0.25,0.5,0.1501337825483847,0
141,0.740155041217804,0.21620427982835203,0.11602775007486343,0.5881534177688909,0,0,93,94,23.25,0.0,0.25,0.15676141296553053,0
142,0.7934463024139404,0.18671671116346225,0.117276132106781,0.5897081268388827,0,1,95,96,23.5,0.25,0.25,0.14780600999713037,0
143,0.7602735757827759,0.19369078233834883,0.11446873098611832,0.5188066598137314,0,2,94,95,23.0,0.5,0.25,0.15056255357587772,0
144,0.8176573514938354,0.16261473781846264,0.15088050067424774,0.4165407871022424,0,0,91,93,22.75,0.0,0.5,0.18452778587337787,0
145,0.746049165725708,0.20818766044656756,0.1161314845085144,0.5540514652557044,0,0,95,96,23.75,0.0,0.25,0.15566197221807662,0
146,0.7720860838890076,0.19837033826110487,0.11400764435529709,0.5794277645045072,0,0,94,95,23.5,0.0,0.25,0.14766183037652889,0
147,0.7370011210441589,0.19553011133920434,0.11938800662755966,0.5434819062197193,0,0,93,94,23.25,0.0,0.25,0.16199162147598184,0
148,0.7675322890281677,0.184365136283102,0.11119960248470306,0.6593960264410794,0,0,94,95,23.5,0.0,0.25,0.14487938041733922,0
149,0.7245940566062927,0.19897159756976232,0.10248231887817383,0.5788006479706497,3,4,94,96,22.5,0.25,0.5,0.14143411465194708,0
150,0.7547515034675598,0.1800406337420136,0.08750730752944946,0.7036851410877382,0,3,95,96,23.0,0.75,0.25,0.11594187905213049,0
151,0.7575017213821411,0.17326104335824788,0.10053327679634094,0.6983038605392821,0,3,93,95,22.5,0.75,0.5,0.13271689549814814,0
152,0.7545120716094971,0.18988312067705368,0.13807353377342224,0.5082279134008594,0,1,91,93,22.5,0.25,0.5,0.1829971169034962,0
153,0.7741797566413879,0.20356265245603042,0.13509704172611237,0.5416421020075756,0,0,95,96,23.75,0.0,0.25,0.17450345422644706,0
154,0.8018121719360352,0.16482056508924653,0.10913198441267014,0.604568973692139,0,0,94,96,23.5,0.0,0.5,0.13610666965701312,0
155,0.7739150524139404,0.1841431739029308,0.11334256082773209,0.565645829593282,0,0,93,96,23.25,0.0,0.75,0.14645349056618306,0
156,0.7274577021598816,0.21032181005455677,0.0957084596157074,0.6677854783659557,0,0,93,94,23.25,0.0,0.25,0.13156566949740325,0
157,0.725117027759552,0.18740557784774828,0.12480180710554123,0.5364083050085027,0,0,95,96,23.75,0.0,0.25,0.1721126415844221,0
158,0.7923603057861328,0.17003791298068244,0.11575809121131897,0.5680578894427857,0,0,95,96,23.75,0.0,0.25,0.14609274387675272,0
159,0.7207052111625671,0.20778287790183905,0.0875745341181755,0.6839068304512783,0,0,95,96,23.75,0.0,0.25,0.12151228097394956,0
160,0.75958651304245,0.1969950439223252,0.11169203370809555,0.6167609595884905,0,0,92,96,23.0,0.0,1.0,0.14704320283508454,0
161,0.7825307846069336,0.186359577590693,0.0930258259177208,0.7208609999507437,0,1,95,96,23.5,0.25,0.25,0.11887816779559389,0
162,0.7995082139968872,0.1853010901983834,0.15076887607574463,0.4695518193052965,0,0,95,96,23.75,0.0,0.25,0.18857701951806544,0
163,0.7299328446388245,0.19426293750057672,0.07809225469827652,0.810999616939206,0,2,95,96,23.25,0.5,0.25,0.10698553335672555,0
164,0.7484593391418457,0.19580835137895292,0.10101442039012909,0.62429246184114,0,1,94,96,23.25,0.25,0.5,0.13496313708363675,0
165,0.7609913349151611,0.19727954176116577,0.12262911349534988,0.5654016303905687,0,0,95,96,23.75,0.0,0.25,0.1611439025242267,0
166,0.7356410622596741,0.19387728934568108,0.10471408814191818,0.5574746342573728,0,1,94,95,23.25,0.25,0.25,0.14234399561692104,0
167,0.7449812889099121,0.19853507705433968,0.08697831630706787,0.5853823254895995,0,2,95,96,23.25,0.5,0.25,0.1167523501621607,0
168,0.7691646218299866,0.21855278349523238,0.09701677411794662,0.6877717407790623,0,2,94,96,23.0,0.5,0.5,0.12613265270459992,0
169,0.7899606227874756,0.20693119621167191,0.08693191409111023,0.7063811664988544,0,1,92,93,22.75,0.25,0.25,0.11004588277370082,0
170,0.752504825592041,0.2117103801555905,0.10127285122871399,0.6547231687331324,0,1,95,96,23.5,0.25,0.25,0.13458099906407447,0
171,0.7803775072097778,0.17487100691216892,0.12670759856700897,0.5967071467069527,0,0,95,96,23.75,0.0,0.25,0.16236705619572395,0
172,0.7548683285713196,0.18534075602453423,0.13442201912403107,0.4734940791443523,0,0,95,96,23.75,0.0,0.25,0.1780734653134026,0
173,0.7418400645256042,0.20438908096738787,0.10133066028356552,0.572840733535872,0,3,95,96,23.0,0.75,0.25,0.1365936744712824,0
174,0.732628345489502,0.18797063148864937,0.10401081293821335,0.6817273807950447,0,0,94,95,23.5,0.0,0.25,0.14196940860746937,0
175,0.7899784445762634,0.1977361085510176,0.07610361278057098,0.7960754926303452,0,0,95,96,23.75,0.0,0.25,0.0963363156337667,0
176,0.7310604453086853,0.21145791913500672,0.10288815945386887,0.645858278572988,0,1,95,96,23.5,0.25,0.25,0.14073823869710944,0
177,0.7983918190002441,0.1868522669109009,0.1628078818321228,0.4391019574491765,0,0,94,96,23.5,0.0,0.5,0.20391977717907078,0
178,0.7549951672554016,0.19688371106735866,0.12175516784191132,0.48832150408812985,0,0,94,96,23.5,0.0,0.5,0.16126615523185683,0
179,0.773256778717041,0.16709949190231846,0.11290665715932846,0.6608059548339308,0,2,94,96,23.0,0.5,0.5,0.14601444211929057,0
180,0.7859552502632141,0.1765648494127281,0.12373672425746918,0.5284886578255266,0,1,95,96,23.5,0.25,0.25,0.15743482115047913,0
181,0.7678683400154114,0.1776655703896693,0.09276381880044937,0.7618001423069778,6,7,94,96,21.75,0.25,0.5,0.12080693260329964,0
182,0.7637288570404053,0.20554345956418218,0.11824330687522888,0.5312495983074851,0,0,89,95,22.25,0.0,1.5,0.15482367306827216,0
183,0.7373886108398438,0.1927344218825982,0.08846520632505417,0.6853410242336802,0,1,95,96,23.5,0.25,0.25,0.11997094208479478,0
184,0.7199774384498596,0.18468380442209126,0.14103816449642181,0.5225458538384566,0,1,92,94,22.75,0.25,0.5,0.19589247796442436,0
185,0.7353937029838562,0.19507776835510926,0.13458393514156342,0.4767066274348066,0,1,95,96,23.5,0.25,0.25,0.18300936572544718,0
186,0.7184360027313232,0.19342011469668696,0.07621465623378754,0.7835678935080774,0,3,94,96,22.75,0.75,0.5,0.10608412710949548,0
187,0.8012004494667053,0.17541054238336462,0.12531977891921997,0.5087863736654685,0,1,95,96,23.5,0.25,0.25,0.15641501324997417,0
188,0.7995589971542358,0.17439848478952502,0.11297149211168289,0.5657118745464633,0,0,94,95,23.5,0.0,0.25,0.14129225299667356,0
189,0.7342007160186768,0.19737926539741857,0.09483283758163452,0.7453435853858285,0,0,91,92,22.75,0.0,0.25,0.12916473045120558,0
190,0.7735159397125244,0.20029344761572462,0.13065797090530396,0.45572332769332463,0,0,94,96,23.5,0.0,0.5,0.16891438714742288,0
191,0.7591449618339539,0.2056062774396944,0.11647956073284149,0.5648033449958045,0,0,94,96,23.5,0.0,0.5,0.15343520221941329,0
192,0.7337888479232788,0.1989283672546697,0.0816630870103836,0.6821179778469019,0,2,94,95,23.0,0.5,0.25,0.11128962676593018,0
193,0.7523772120475769,0.20160376525167367,0.10400824248790741,0.6118630347964684,0,0,93,95,23.25,0.0,0.5,0.13823949054072415,0
194,0.7863367199897766,0.19321075068100982,0.09819211810827255,0.6526077645682493,0,0,94,96,23.5,0.0,0.5,0.12487286376445599,0
195,0.7682687044143677,0.19445449791728248,0.10825464874505997,0.5715318623731417,1,2,95,96,23.25,0.25,0.25,0.14090727387832336,0
196,0.732001781463623,0.20256047739621488,0.10898499935865402,0.643879404574288,0,1,95,96,23.5,0.25,0.25,0.14888624880221013,0
197,0.7512784600257874,0.19658372606116248,0.11001899093389511,0.5968026679851467,0,1,95,96,23.5,0.25,0.25,0.1464423603068811,0
198,0.7561637163162231,0.18731881076327717,0.10993599146604538,0.6562695628076551,0,0,94,96,23.5,0.0,0.5,0.14538649381593813,0
199,0.8063474893569946,0.19096773008455037,0.1313374787569046,0.5130262860667157,0,1,93,96,23.0,0.25,0.75,0.16287950355204428,0
200,0.7212355136871338,0.18442665254252696,0.12683279812335968,0.46567733112615073,0,2,95,96,23.25,0.5,0.25,0.1758548985961037,0
201,0.7457430958747864,0.19405276013022588,0.10652071237564087,0.5342526121622431,0,0,95,96,23.75,0.0,0.25,0.1428383487086633,0
202,0.7396594882011414,0.20172895573663474,0.1125401183962822,0.5859969484032279,0,0,95,96,23.75,0.0,0.25,0.1521512536396725,0
203,0.7568359375,0.18217251685357863,0.12566490471363068,0.5199362545473388,0,0,94,96,23.5,0.0,0.5,0.1660398224861391,0
204,0.7393818497657776,0.17658889899521707,0.12652325630187988,0.4597910134130554,0,1,95,96,23.5,0.25,0.25,0.17112031671045225,0
205,0.7742943167686462,0.19414255937587635,0.116604283452034,0.5649878258407058,0,0,95,96,23.75,0.0,0.25,0.15059426490259847,0
206,0.8196027278900146,0.16136445748172523,0.10763570666313171,0.549191194895415,0,0,91,92,22.75,0.0,0.25,0.13132668181843304,0
207,0.7531321048736572,0.20656333445715472,0.10833508521318436,0.5417352882698787,0,0,95,96,23.75,0.0,0.25,0.14384605902753045,0
208,0.7603590488433838,0.20105018473418063,0.10535349696874619,0.7284005219971532,0,0,95,96,23.75,0.0,0.25,0.138557563205178,0
209,0.7128223180770874,0.22775132714015198,0.09587068110704422,0.6501584412566656,0,0,94,95,23.5,0.0,0.25,0.1344944997873599,0
210,0.7616584897041321,0.19100436521976077,0.09853965789079666,0.6587742459436574,0,0,94,96,23.5,0.0,0.5,0.12937511919426595,0
211,0.7809634804725647,0.17426923463523036,0.12706241011619568,0.4998511202162914,0,2,95,96,23.25,0.5,0.25,0.16269955419593962,0
212,0.7257080674171448,0.20843460000898537,0.08748875558376312,0.7020002142636578,0,2,95,96,23.25,0.5,0.25,0.12055640485731799,0
213,0.766270101070404,0.18341135989223295,0.15679937601089478,0.43327294284279555,0,1,94,95,23.25,0.25,0.25,0.20462677036708263,0
214,0.7036213278770447,0.19011937255729805,0.11649327725172043,0.5584497881514605,0,0,95,96,23.75,0.0,0.25,0.16556245900504768,0
215,0.7157730460166931,0.2123852673553852,0.11954475194215775,0.4429714506521492,0,0,94,96,23.5,0.0,0.5,0.1670148835687922,0
216,0.7380419969558716,0.18376639135410333,0.09683466702699661,0.612773563662616,0,0,95,96,23.75,0.0,0.25,0.13120481954468843,0
217,0.7523257732391357,0.18897564572523445,0.1341371387243271,0.5411444789153625,1,3,95,96,23.0,0.5,0.25,0.17829661497146396,0
218,0.7328366041183472,0.19348717986673886,0.10347255319356918,0.6328243296965096,1,2,94,96,23.0,0.25,0.5,0.14119457545117275,0
219,0.7732757925987244,0.20532670079543436,0.07923419028520584,0.6902458693214896,0,1,92,94,22.75,0.25,0.5,0.10246562874925376,0
220,0.817014217376709,0.1508889491409785,0.1180536225438118,0.5265991449987437,0,0,95,96,23.75,0.0,0.25,0.14449396354798025,0
221,0.7628623843193054,0.18877215487470728,0.1385938972234726,0.5246374025508772,0,1,94,95,23.25,0.25,0.25,0.18167614509809468,0
222,0.7464881539344788,0.21080337556879822,0.12681683897972107,0.526195536026294,0,1,91,96,22.5,0.25,1.25,0.16988459670969155,0
223,0.774785578250885,0.1938427902078239,0.13961464166641235,0.4987363091261108,1,3,95,96,23.0,0.5,0.25,0.18019778063189945,0
224,0.7394785284996033,0.1862483416813157,0.13657470047473907,0.5331880110062078,0,0,92,94,23.0,0.0,0.5,0.18469055585947597,0
225,0.7673324942588806,0.20057847769208284,0.12394700199365616,0.4543050760449474,0,1,94,95,23.25,0.25,0.25,0.16152971876079478,0
226,0.7548938989639282,0.21245721877379092,0.11817046254873276,0.6056291415990004,0,0,94,95,23.5,0.0,0.25,0.15653916757165287,0
227,0.7260300517082214,0.22083064500967634,0.08373373001813889,0.7719391939405712,1,4,94,96,22.5,0.75,0.5,0.11533094232274284,0
228,0.7507880330085754,0.20608680060777382,0.06529411673545837,0.871269239178112,0,1,89,91,22.0,0.25,0.5,0.08696744469116037,0
229,0.791036069393158,0.19074247951400392,0.12230812758207321,0.4513701913368359,0,1,92,93,22.75,0.25,0.25,0.15461763668488807,0
230,0.7767082452774048,0.18232955148038502,0.1427757292985916,0.42159819264527737,0,1,95,96,23.5,0.25,0.25,0.1838215702829299,0
231,0.7930516600608826,0.1766797888554692,0.12556782364845276,0.6018934545541714,0,0,95,96,23.75,0.0,0.25,0.1583349861959975,0
232,0.7188938856124878,0.18227305560267698,0.1052822694182396,0.5044593537765555,0,1,94,95,23.25,0.25,0.25,0.14645036148629995,0
233,0.7877219915390015,0.1682015108905398,0.09835134446620941,0.6457698477041844,0,0,94,96,23.5,0.0,0.5,0.12485540015717572,0
234,0.7805222868919373,0.1674862548588235,0.08919325470924377,0.6345438546605904,0,2,93,96,22.75,0.5,0.75,0.11427380897016272,0
235,0.7675915360450745,0.183403829260162,0.11231151223182678,0.5831262907819429,0,0,95,96,23.75,0.0,0.25,0.14631676739232782,0
236,0.750420331954956,0.18792639121128543,0.08252476155757904,0.7325870332347865,0,0,94,95,23.5,0.0,0.25,0.10997138276169813,0
237,0.7483463883399963,0.2019830238844256,0.1262328177690506,0.5244284228435616,0,1,92,93,22.75,0.25,0.25,0.16868233713142372,0
238,0.7925320863723755,0.1692681567951583,0.13344372808933258,0.5376434199487519,2,4,95,96,22.75,0.5,0.25,0.16837643596253504,0
239,0.7813652753829956,0.203253929664614,0.10441944003105164,0.5472804021993672,0,1,92,93,22.75,0.25,0.25,0.13363716474330037,0
240,0.7785802483558655,0.17687941404988927,0.11261621862649918,0.5358257140726822,2,3,95,96,23.0,0.25,0.25,0.14464304593432958,0
241,0.7610302567481995,0.18908551548018326,0.06231571361422539,0.6897619864767204,0,0,95,96,23.75,0.0,0.25,0.08188335885683933,0
242,0.7876095771789551,0.17106277739737016,0.11286737024784088,0.5252842105930224,0,1,93,94,23.0,0.25,0.25,0.14330370467574438,0
243,0.7924009561538696,0.18775972632444535,0.09100770205259323,0.733427934054352,0,2,94,96,23.0,0.5,0.5,0.11485057071905048,0
244,0.7383568286895752,0.20867392334833654,0.12755602598190308,0.4988650886550921,2,3,95,96,23.0,0.25,0.25,0.17275661445196847,0
245,0.7375693321228027,0.185151292672914,0.08760073781013489,0.6693663028387153,2,3,95,96,23.0,0.25,0.25,0.11876949595777074,0
246,0.7597823143005371,0.16840904612148144,0.09147986024618149,0.7067419957242984,0,1,95,96,23.5,0.25,0.25,0.12040272394389533,0
247,0.7897579073905945,0.1994045406548664,0.09956175088882446,0.575787146432914,0,3,95,96,23.0,0.75,0.25,0.12606616528574208,0
248,0.7332724928855896,0.2191596982378294,0.09065476804971695,0.588872368528003,0,1,95,96,23.5,0.25,0.25,0.12363039515224465,0
249,0.7676424980163574,0.20340562364623574,0.08918402343988419,0.6660317222687874,0,0,95,96,23.75,0.0,0.25,0.11617911159210442,0
250,0.7621857523918152,0.19599283823746194,0.12110548466444016,0.5147149070014629,1,2,95,96,23.25,0.25,0.25,0.1588923491214563,0
251,0.7739482522010803,0.1879633964504524,0.11329004168510437,0.5448749836572637,0,1,91,95,22.5,0.25,1.0,0.14637934947577136,0
252,0.7518860697746277,0.20956333774754637,0.07520387321710587,0.7884919325364859,0,1,94,95,23.25,0.25,0.25,0.1000203039266942,0
253,0.7627161741256714,0.190905537667508,0.1203620582818985,0.5461388317298187,0,0,94,95,23.5,0.0,0.25,0.15780714027714673,0
254,0.7851535081863403,0.18000763321690558,0.1236799880862236,0.4706477939490171,0,2,94,96,23.0,0.5,0.5,0.15752332097696067,0
255,0.7735134363174438,0.18531694556429706,0.10252761840820312,0.6770655294257172,0,0,93,95,23.25,0.0,0.5,0.13254794757841362,0
256,0.7578256130218506,0.1926600163093183,0.10841173678636551,0.578669991300121,1,3,95,96,23.0,0.5,0.25,0.143056311272023,0
257,0.7486259937286377,0.21063212488037286,0.11252196133136749,0.5583051403210156,0,0,93,95,23.25,0.0,0.5,0.15030464113453493,0
258,0.7688801884651184,0.18097830649763183,0.14052458107471466,0.4847299888817548,0,1,95,96,23.5,0.25,0.25,0.18276525157350937,0
259,0.7606939673423767,0.16429182546411794,0.09941352903842926,0.5585464366564247,0,0,93,94,23.25,0.0,0.25,0.1306879419403687,0
260,0.8010386228561401,0.18033386367251975,0.1022687628865242,0.6104934395558418,0,1,91,92,22.5,0.25,0.25,0.12767020212069202,0
261,0.739216685295105,0.20272977386385646,0.13199424743652344,0.5105389104337962,0,1,93,95,23.0,0.25,0.5,0.1785596159586544,0
262,0.7528232932090759,0.18741628747868516,0.1281912624835968,0.4644594415519652,0,0,93,96,23.25,0.0,0.75,0.1702806802605073,0
263,0.7814651131629944,0.21318549068939988,0.0904088020324707,0.7699231708957232,1,2,94,96,23.0,0.25,0.5,0.11569141156735636,0
264,0.7703909873962402,0.19597091794702615,0.13046443462371826,0.4764623109149637,0,1,94,96,23.25,0.25,0.5,0.16934833968484062,0
265,0.760644257068634,0.19411278915405902,0.0985536128282547,0.6453755703397477,0,0,95,96,23.75,0.0,0.25,0.12956597241404277,0
266,0.7606209516525269,0.20972769436369995,0.09657231718301773,0.5925754666607826,0,0,94,96,23.5,0.0,0.5,0.12696510262201494,0
267,0.6987934112548828,0.20151419658186145,0.10825653374195099,0.6190803462036266,0,0,95,96,23.75,0.0,0.25,0.1549192250504273,0
268,0.7701056599617004,0.17218934354801296,0.14425016939640045,0.4048862322212828,1,4,92,94,22.0,0.75,0.5,0.18731217921911447,0
269,0.7319815754890442,0.21347012563623657,0.10595367848873138,0.6287513372958685,0,0,93,94,23.25,0.0,0.25,0.14474910576532296,0
270,0.7590953707695007,0.18508383686648675,0.1530863344669342,0.49154957682180767,0,1,95,96,23.5,0.25,0.25,0.20166943491138595,0
271,0.7636608481407166,0.20710516844892676,0.1152341216802597,0.47738351537669055,0,0,94,96,23.5,0.0,0.5,0.15089698779349495,0
272,0.7283943295478821,0.2122081393378252,0.12805725634098053,0.5545978793724808,1,2,95,96,23.25,0.25,0.25,0.1758075964436273,0
273,0.7614098191261292,0.20024342554920854,0.1214568242430687,0.5138672695828075,2,3,94,95,22.75,0.25,0.25,0.15951570519863378,0
274,0.7489104866981506,0.16878165084487545,0.12826858460903168,0.5241864534903106,0,1,95,96,23.5,0.25,0.25,0.1712735859455664,0
275,0.7614629864692688,0.20326690425666732,0.10703395307064056,0.6448618369642348,0,0,95,96,23.75,0.0,0.25,0.14056356641434764,0
276,0.7657638192176819,0.18809816161031992,0.1056814193725586,0.5274706859405315,0,0,95,96,23.75,0.0,0.25,0.1380078514032233,0
277,0.7561115026473999,0.19944087894111093,0.09608205407857895,0.7548118919828488,0,2,93,94,22.75,0.5,0.25,0.12707392195749365,0
278,0.7831987738609314,0.1845483925099858,0.10886523872613907,0.6437056197300167,0,0,95,96,23.75,0.0,0.25,0.13900077778399295,0
279,0.740773618221283,0.2094710390204664,0.09480910748243332,0.6355310775278676,0,0,95,96,23.75,0.0,0.25,0.1279866144667588,0
280,0.7099277973175049,0.2059675229115011,0.11654013395309448,0.5094684406196953,4,5,95,96,22.5,0.25,0.25,0.16415772757940567,0
281,0.7197216153144836,0.1876161756698282,0.08715293556451797,0.6418032824023727,0,0,95,96,23.75,0.0,0.25,0.12109256372192788,0
282,0.8174945116043091,0.16174645552311648,0.11633467674255371,0.6099055115044175,0,0,90,94,22.5,0.0,1.0,0.14230637036846927,0
283,0.7834227085113525,0.17433451905147823,0.14660242199897766,0.4639443087957479,0,2,95,96,23.25,0.5,0.25,0.18713067722730334,0
284,0.7469715476036072,0.21618215234905108,0.12364789843559265,0.5839276826462695,0,0,95,96,23.75,0.0,0.25,0.16553227339417814,0
285,0.7549248337745667,0.1788136973584302,0.11453823000192642,0.5416912741060482,0,2,95,96,23.25,0.5,0.25,0.1517213699663899,0
286,0.7768151164054871,0.18985444027931078,0.09859669208526611,0.5806129993265537,0,0,95,96,23.75,0.0,0.25,0.12692427065721512,0
287,0.7561951279640198,0.1924483770556424,0.11569228768348694,0.45535007955973084,0,0,95,96,23.75,0.0,0.25,0.15299263828236626,0
288,0.780720055103302,0.21024988798172345,0.09096148610115051,0.7432253737597722,0,1,95,96,23.5,0.25,0.25,0.11650973419545989,0
289,0.7743352651596069,0.19894574707936685,0.09659738093614578,0.6983429567466644,0,2,95,96,23.25,0.5,0.25,0.12474878167435008,0
290,0.7509373426437378,0.19854854548563106,0.08619504421949387,0.7674163228786688,0,0,93,96,23.25,0.0,0.75,0.11478327062020513,0
291,0.7487679123878479,0.1764329907378787,0.14558319747447968,0.4084601280890341,0,4,93,95,22.25,1.0,0.5,0.19443033691202072,0
292,0.7979905605316162,0.16854211887308543,0.13981111347675323,0.49104930261607566,0,1,94,95,23.25,0.25,0.25,0.17520396905899735,0
293,0.7688076496124268,0.18373764929310898,0.09402798116207123,0.6764270866233574,0,1,94,95,23.25,0.25,0.25,0.12230364930613379,0
294,0.7822940349578857,0.18085943726325202,0.13760969042778015,0.50588018404237,0,0,95,96,23.75,0.0,0.25,0.17590533006580866,0
295,0.7525113821029663,0.19604457282769505,0.12736515700817108,0.5057801669316422,0,1,95,96,23.5,0.25,0.25,0.16925346252203755,0
296,0.7841984629631042,0.19717571707180853,0.13196420669555664,0.48275383334718464,0,1,94,96,23.25,0.25,0.5,0.16827909378568295,0
297,0.7275540828704834,0.18625591209545997,0.11372104287147522,0.5902751553063608,0,1,94,96,23.25,0.25,0.5,0.15630596480580736,0
298,0.7509692311286926,0.17226686227738916,0.09226799011230469,0.6876905684754522,0,1,95,96,23.5,0.25,0.25,0.12286520710526,0
299,0.7636920809745789,0.2007839414977116,0.09593085199594498,0.6372941157556595,0,1,95,96,23.5,0.25,0.25,0.1256145695180231,0
300,0.8041580319404602,0.1916180318426379,0.12894266843795776,0.46925081206989877,0,0,95,96,23.75,0.0,0.25,0.16034493633896163,0
301,0.782610297203064,0.1922727928407127,0.1381329894065857,0.4542914372335206,0,0,93,96,23.25,0.0,0.75,0.1765029030415943,0
302,0.6812033653259277,0.21524850691627462,0.09487953782081604,0.7526173747003813,0,0,93,94,23.25,0.0,0.25,0.13928225057346874,0
303,0.7381608486175537,0.19514856490694174,0.1112857237458229,0.5143825029623706,0,0,94,96,23.5,0.0,0.5,0.1507608049847694,0
304,0.7597050666809082,0.1901788174492238,0.11649355292320251,0.6216548879153209,0,1,90,91,22.25,0.25,0.25,0.15334049755934062,0
305,0.7634679079055786,0.1867328848627193,0.12366144359111786,0.5645455192866324,0,0,94,95,23.5,0.0,0.25,0.16197333550058218,0
306,0.7578750252723694,0.17704436944835297,0.10063248127698898,0.5703477979720083,0,1,95,96,23.5,0.25,0.25,0.13278242179945582,0
307,0.7685894966125488,0.17367412750822192,0.1413446068763733,0.4675361573841945,0,0,95,96,23.75,0.0,0.25,0.18390129906709624,0
308,0.7548421621322632,0.18782334384858043,0.1069689393043518,0.5290200797819731,0,1,94,96,23.25,0.25,0.5,0.14171033981751638,0
309,0.7546124458312988,0.20071355361675589,0.09639423340559006,0.6337302318822768,0,1,95,96,23.5,0.25,0.25,0.12774005244427145,0
310,0.7619221806526184,0.2065091204029623,0.08633268624544144,0.727366081210614,0,1,95,96,23.5,0.25,0.25,0.11330906021333288,0
311,0.7085019946098328,0.2033259087831929,0.08736205846071243,0.6397685666763065,2,3,94,96,22.75,0.25,0.5,0.12330531053595993,0
312,0.7374516725540161,0.20339732772643854,0.10055357217788696,0.6237463759825822,0,0,95,96,23.75,0.0,0.25,0.13635276170659402,0
313,0.7590357065200806,0.1872524148168763,0.1291969120502472,0.5201363096692163,0,0,95,96,23.75,0.0,0.25,0.17021190299804326,0
314,0.762395977973938,0.19088570279985384,0.10214634984731674,0.653368588761468,0,0,94,96,23.5,0.0,0.5,0.13398070398898215,0
315,0.7080160975456238,0.21011409736500422,0.1281222254037857,0.5358040352229791,0,1,94,96,23.25,0.25,0.5,0.18095948079136667,0
316,0.8016452789306641,0.16890439749769803,0.08142648637294769,0.7563772328687355,0,0,95,96,23.75,0.0,0.25,0.101574210580476,0
317,0.7425471544265747,0.20039775647112823,0.1260412186384201,0.47681372061633276,0,0,95,96,23.75,0.0,0.25,0.16974170311884676,0
318,0.7663653492927551,0.1899761516197929,0.08573705703020096,0.7502027602507005,0,0,95,96,23.75,0.0,0.25,0.11187491332864138,0
319,0.8053138256072998,0.17902252651262046,0.12603186070919037,0.600664293724591,0,0,93,95,23.25,0.0,0.5,0.1565003067147739,0
320,0.7483969926834106,0.20942326221577573,0.09149593114852905,0.6623718606010109,2,3,95,96,23.0,0.25,0.25,0.12225587761979953,0
321,0.758848249912262,0.16938518984733839,0.08926530182361603,0.6290331196447437,0,0,95,96,23.75,0.0,0.25,0.11763261209858082,0
322,0.74208664894104,0.18332671627678643,0.1200692281126976,0.5100077757829319,1,3,95,96,23.0,0.5,0.25,0.16179947218298127,0
323,0.6934278607368469,0.2049559047357658,0.10951045155525208,0.5868277190118765,3,4,95,96,22.75,0.25,0.25,0.15792623538212702,0
324,0.772942304611206,0.19465185744404226,0.0756690725684166,0.8805764714929337,0,0,94,96,23.5,0.0,0.5,0.09789743958506518,0
325,0.7344483733177185,0.2004964454225325,0.09010300785303116,0.6884469249850808,0,2,95,96,23.25,0.5,0.25,0.12268120010397664,0
326,0.7360697984695435,0.18628173302210135,0.11936026066541672,0.4942074296782768,0,1,90,92,22.25,0.25,0.5,0.16215888889014854,0
327,0.758430004119873,0.20349345710867295,0.11945660412311554,0.5849354158628655,1,2,94,96,23.0,0.25,0.5,0.1575051138196201,0
328,0.7775681018829346,0.19109671986231497,0.08974612504243851,0.63136870543001,0,0,95,96,23.75,0.0,0.25,0.11541899008602861,0
329,0.7855231165885925,0.18045683813607685,0.11511151492595673,0.5764985463436066,0,0,90,92,22.5,0.0,0.5,0.14654121883244955,0
330,0.7749277353286743,0.17664583770795309,0.10176539421081543,0.4620493355160659,0,1,95,96,23.5,0.25,0.25,0.13132243120405687,0
331,0.7677926421165466,0.18489416891286,0.09963180869817734,0.5010677251688278,0,3,93,95,22.5,0.75,0.5,0.12976395348557376,0
332,0.7268229722976685,0.2039302969165494,0.08280882239341736,0.7031405709991676,0,0,95,96,23.75,0.0,0.25,0.11393258819494663,0
333,0.7575450539588928,0.1692759162695424,0.12080011516809464,0.5111394708501554,0,0,93,96,23.25,0.0,0.75,0.15946261484620516,0
334,0.7765179872512817,0.1790460752804961,0.11320972442626953,0.47932279513347764,0,0,95,96,23.75,0.0,0.25,0.1457915029463893,0
335,0.7648174166679382,0.1776099253189824,0.12138144671916962,0.5515476067274663,0,0,93,96,23.25,0.0,0.75,0.15870643643026497,0
336,0.7568567395210266,0.2096270035420681,0.13017259538173676,0.5907114856391592,0,0,95,96,23.75,0.0,0.25,0.17199106328116454,0
337,0.783997118473053,0.17256681959926526,0.09628621488809586,0.5109723765191243,0,0,95,96,23.75,0.0,0.25,0.12281450099667086,0
338,0.7464715838432312,0.1729920594647834,0.10907246917486191,0.5090710660824284,15,16,93,95,19.25,0.25,0.5,0.14611737611403644,0
339,0.7344924807548523,0.222697506617644,0.07442554086446762,0.819951433679503,0,0,94,96,23.5,0.0,0.5,0.1013292073296367,0
340,0.7713063359260559,0.19630944950350349,0.11284413933753967,0.591316113554198,0,0,95,96,23.75,0.0,0.25,0.1463026220341562,0
341,0.7558616399765015,0.19634903614421728,0.12783747911453247,0.5618294403515177,0,1,95,96,23.5,0.25,0.25,0.16912814773680898,0
342,0.7594367265701294,0.19937539017021427,0.09794425964355469,0.6753675074487352,0,1,95,96,23.5,0.25,0.25,0.1289696115776541,0
343,0.7888404726982117,0.19200617520191662,0.08632154762744904,0.6994236174682256,0,1,94,96,23.25,0.25,0.5,0.109428396000256,0
344,0.7967438101768494,0.16328341441398508,0.10614383965730667,0.580534465409997,0,0,94,96,23.5,0.0,0.5,0.1332220449051828,0
345,0.7697438597679138,0.17736125906456626,0.13605332374572754,0.4501819419643248,0,0,95,96,23.75,0.0,0.25,0.17675142454107928,0
346,0.7543825507164001,0.2049150831446349,0.09929602593183517,0.6509038186091438,0,0,95,96,23.75,0.0,0.25,0.1316255603175585,0
347,0.7181524634361267,0.2046530679625075,0.10246340930461884,0.5789055747772426,3,4,92,95,22.0,0.25,0.75,0.14267640162976625,0
348,0.7521685361862183,0.1743008761028945,0.13412633538246155,0.4285611559786363,0,0,95,96,23.75,0.0,0.25,0.17831952405578316,0
349,0.7514327764511108,0.19188239423492598,0.10313659906387329,0.5371088930242235,0,1,93,94,23.0,0.25,0.25,0.13725326109804512,0
350,0.7758012413978577,0.18257559955085306,0.1093902513384819,0.6193741485812224,0,1,95,96,23.5,0.25,0.25,0.14100293412959725,0
351,0.7629639506340027,0.19782481984367534,0.11798453330993652,0.5564848882417962,0,0,93,94,23.25,0.0,0.25,0.1546397221151727,0
352,0.7567692399024963,0.19338801436398007,0.08495980501174927,0.7289474136533957,0,1,94,96,23.25,0.25,0.5,0.1122664618645119,0
353,0.735947847366333,0.18306296607899017,0.12638825178146362,0.4517752894088641,0,0,95,96,23.75,0.0,0.25,0.17173533727119022,0
354,0.7407926917076111,0.18326283775460459,0.09563181549310684,0.6295529931280353,5,6,94,95,22.0,0.25,0.25,0.12909389706945498,0
355,0.7717392444610596,0.2013968611721862,0.10185229033231735,0.5562633468279564,0,2,95,96,23.25,0.5,0.25,0.13197759614187485,0
356,0.7678702473640442,0.190971572396368,0.10290661454200745,0.5670641285060729,0,1,95,96,23.5,0.25,0.25,0.1340156294572771,0
357,0.7899897694587708,0.1672176583838527,0.10281166434288025,0.529573782381347,0,0,95,96,23.75,0.0,0.25,0.13014303262853325,0
358,0.7757555246353149,0.18725312173982395,0.09201464802026749,0.660572549126935,2,3,93,94,22.5,0.25,0.25,0.11861294582919517,0
359,0.748059093952179,0.21374084895965842,0.10467176139354706,0.4743613798923553,0,0,95,96,23.75,0.0,0.25,0.13992445548725377,0
360,0.7536392211914062,0.20420569318112794,0.1301209032535553,0.49471820945445316,0,1,95,96,23.5,0.25,0.25,0.17265675617021492,0
361,0.7283086776733398,0.21620398392927992,0.1109192818403244,0.5617310997388787,0,2,95,96,23.25,0.5,0.25,0.15229707573259726,0
362,0.731346070766449,0.19890272992940233,0.10530716180801392,0.46460907134581303,0,0,94,95,23.5,0.0,0.25,0.14399087657318274,0
363,0.7134536504745483,0.20338037518862107,0.07940039038658142,0.7456083078256985,0,1,89,91,22.0,0.25,0.5,0.11129018729355278,0
364,0.7562738656997681,0.17342138385598554,0.11821994185447693,0.5266940090042284,0,1,93,96,23.0,0.25,0.75,0.15631895694966255,0
365,0.784243106842041,0.18495962657105317,0.11428482830524445,0.5927307101808782,0,0,94,95,23.5,0.0,0.25,0.1457262771048662,0
366,0.7500799894332886,0.2038296032486312,0.1235666424036026,0.5447840478837472,0,0,95,96,23.75,0.0,0.25,0.1647379534774171,0
367,0.7594958543777466,0.18081040157347703,0.10481517016887665,0.5855751975362051,0,1,95,96,23.5,0.25,0.25,0.13800624396396674,0
368,0.7628988027572632,0.2014531164863628,0.09081092476844788,0.5825585415552906,3,4,93,96,22.25,0.25,0.75,0.1190340375948156,0
369,0.7820093035697937,0.16704345957706054,0.11733891069889069,0.5438395876502845,0,0,95,96,23.75,0.0,0.25,0.1500479727840198,0
370,0.7999589443206787,0.17628399092055455,0.12282690405845642,0.5018626314393674,3,6,95,96,22.25,0.75,0.25,0.15354150976180464,0
371,0.7544654607772827,0.1966718821472559,0.07947252690792084,0.7747114316041198,0,0,93,96,23.25,0.0,0.75,0.10533620296685925,0
372,0.774854838848114,0.19158262055259317,0.10804416239261627,0.7147536775997863,0,2,94,95,23.0,0.5,0.25,0.13943793982526181,0
373,0.7480898499488831,0.18763945751946182,0.12924490869045258,0.4539840357023981,0,0,93,95,23.25,0.0,0.5,0.17276655832088067,0
374,0.7138444781303406,0.1951069622955226,0.09098362922668457,0.6342375161485588,0,1,94,96,23.25,0.25,0.5,0.12745581427621816,0
375,0.7737001180648804,0.17749993952483004,0.11263620853424072,0.6166187407459933,5,6,94,96,22.0,0.25,0.5,0.14558122185111952,0
376,0.7384942173957825,0.19854496941333638,0.07911999523639679,0.8005100333298617,0,0,92,94,23.0,0.0,0.5,0.1071369191155005,0
377,0.7521058320999146,0.19583102384626955,0.10078318417072296,0.5731026496112558,0,0,95,96,23.75,0.0,0.25,0.13400133314926121,0
378,0.7661949992179871,0.1720915843557868,0.11790768802165985,0.5139873791981979,0,0,95,96,23.75,0.0,0.25,0.153887310856899,0
379,0.7399984002113342,0.19113110367984568,0.1087624803185463,0.5818271358123691,1,2,94,96,23.0,0.25,0.5,0.14697664250015283,0
380,0.7203195095062256,0.20134719563728656,0.12032606452703476,0.5044921665415575,0,0,93,96,23.25,0.0,0.75,0.16704540546113697,0
381,0.7519104480743408,0.20576606481001453,0.13709856569766998,0.482540351755861,3,4,94,96,22.5,0.25,0.5,0.18233363567268207,0
382,0.7501316666603088,0.204105685594918,0.08681079745292664,0.7290632969971029,0,0,95,96,23.75,0.0,0.25,0.11572741334787326,0
383,0.7276979684829712,0.19459097191472408,0.1199946403503418,0.6107873206316785,0,0,95,96,23.75,0.0,0.25,0.16489621456618067,0
384,0.7604000568389893,0.20105831158647108,0.0968925729393959,0.596636823868538,0,0,92,93,23.0,0.0,0.25,0.1274231532046195,0
385,0.839714527130127,0.16072456543379393,0.1277971714735031,0.5230879830435491,0,0,95,96,23.75,0.0,0.25,0.1521912118279918,0
386,0.7184894680976868,0.205344308768034,0.09229689836502075,0.6772524435173735,0,0,95,96,23.75,0.0,0.25,0.12845963992957507,0
387,0.7741346955299377,0.18016340303322534,0.13671745359897614,0.5516361228226455,0,1,93,96,23.0,0.25,0.75,0.1766068029096481,0
388,0.7613576054573059,0.18892493193504878,0.11600489914417267,0.5702664125183993,0,1,95,96,23.5,0.25,0.25,0.15236585057096116,0
389,0.7541306614875793,0.17831759945868758,0.10800716280937195,0.6315936369639077,0,0,95,96,23.75,0.0,0.25,0.14322075513588017,0
390,0.7652257084846497,0.19043231154889992,0.08998914062976837,0.6790469275976148,0,1,94,96,23.25,0.25,0.5,0.11759816696170701,0
391,0.7643031477928162,0.18384982030946403,0.08211974799633026,0.7980435542753599,0,3,95,96,23.0,0.75,0.25,0.10744394842998986,0
392,0.7690328359603882,0.1911429070788538,0.1473349779844284,0.4601803108030628,0,1,93,96,23.0,0.25,0.75,0.19158476867952284,0
393,0.8016836047172546,0.16529539846746685,0.11658959090709686,0.5366083028349882,0,2,95,96,23.25,0.5,0.25,0.1454309283875361,0
394,0.7897059321403503,0.1902981734487417,0.11575248092412949,0.5715444770818294,0,1,95,96,23.5,0.25,0.25,0.14657668913592178,0
395,0.7541836500167847,0.18500694533245682,0.11384987831115723,0.5858894163816879,0,2,95,96,23.25,0.5,0.25,0.15095776513933104,0
396,0.8298860192298889,0.1594815967648763,0.09078312665224075,0.7534789722032663,0,0,95,96,23.75,0.0,0.25,0.10939228345657029,0
397,0.7455886602401733,0.2040708688900113,0.10801763832569122,0.6539422103173416,0,0,95,96,23.75,0.0,0.25,0.14487564536040012,0
398,0.8040865063667297,0.17419538494713213,0.12236469984054565,0.5672366543769688,0,0,92,95,23.0,0.0,0.75,0.15217852665312265,0
399,0.7249906063079834,0.20082873727609327,0.09810806810855865,0.6707099006807645,0,1,95,96,23.5,0.25,0.25,0.13532322661140983,0
400,0.7591981291770935,0.19525405482557395,0.11477497965097427,0.5870036794287404,0,0,95,96,23.75,0.0,0.25,0.15117921823039873,0
401,0.771188497543335,0.2157112056239429,0.1305515617132187,0.5554896396792802,0,0,95,96,23.75,0.0,0.25,0.1692861889526337,0
402,0.7467149496078491,0.20452097806813296,0.09350426495075226,0.6534845612684692,3,4,95,96,22.75,0.25,0.25,0.1252208289118327,0
403,0.8009185194969177,0.16038996045525317,0.12581226229667664,0.48274588842652677,0,0,93,94,23.25,0.0,0.25,0.15708497086033582,0
404,0.7632811665534973,0.2017527032618906,0.09506914019584656,0.6926500733074169,0,0,95,96,23.75,0.0,0.25,0.12455323721024013,0
405,0.7840716242790222,0.17966209230137217,0.13687148690223694,0.5002716299648677,5,6,91,92,21.25,0.25,0.25,0.1745650303670847,0
406,0.7490394711494446,0.20017238680628008,0.1217590868473053,0.5390198937378673,0,0,95,96,23.75,0.0,0.25,0.16255363240131912,0
407,0.7617548108100891,0.20250185346387456,0.08258582651615143,0.8336565479559622,0,1,95,96,23.5,0.25,0.25,0.1084152345927759,0
408,0.7666586637496948,0.20422776141742777,0.11578009277582169,0.6727699000903554,0,0,95,96,23.75,0.0,0.25,0.1510190887422392,0
409,0.788201630115509,0.19458411024522473,0.11561068892478943,0.6311889846777122,0,1,95,96,23.5,0.25,0.25,0.14667654126501484,0
410,0.7528128623962402,0.22005359179940245,0.0956769660115242,0.6616351069906308,0,0,93,94,23.25,0.0,0.25,0.12709262924517487,0
411,0.7178486585617065,0.19678109407047883,0.13075025379657745,0.4831885026852239,0,2,92,96,22.5,0.5,1.0,0.18214180974935695,0
412,0.7448113560676575,0.20217784512807882,0.10815917700529099,0.5286414524774918,0,1,95,96,23.5,0.25,0.25,0.14521687421138887,0
413,0.729867160320282,0.19495001240900572,0.1305503249168396,0.5592755987729372,1,2,94,96,23.0,0.25,0.5,0.17886861063806625,0
414,0.7630611658096313,0.18745523175130968,0.09783130139112473,0.5376723395067816,0,0,94,96,23.5,0.0,0.5,0.12820899001893604,0
415,0.7782567739486694,0.1958729436863741,0.10635053366422653,0.5847359351643712,1,2,95,96,23.25,0.25,0.25,0.1366522428383527,0
416,0.7801678776741028,0.16843816718484808,0.10332965105772018,0.5933613249604089,2,3,95,96,23.0,0.25,0.25,0.13244540568085755,0
417,0.7723881006240845,0.18592070145036602,0.11076915264129639,0.5700807900137645,1,3,94,95,22.75,0.5,0.25,0.143411262488114,0
418,0.7206267714500427,0.1994661587474259,0.1315232515335083,0.5417303772239025,0,0,95,96,23.75,0.0,0.25,0.18251230282335704,0
419,0.7866266965866089,0.17502475486470598,0.09494141489267349,0.6640757176138627,0,2,93,94,22.75,0.5,0.25,0.12069437168182899,0
420,0.7981190085411072,0.17955874868327357,0.11169357597827911,0.5691096771198254,3,4,91,93,21.75,0.25,0.5,0.13994601655014502,0
421,0.7717166543006897,0.16109514548139425,0.09493139386177063,0.633566275995026,0,0,93,95,23.25,0.0,0.5,0.12301327609392476,0
422,0.7726876139640808,0.19514176945553557,0.11355222761631012,0.5931244595892504,1,2,93,95,22.75,0.25,0.5,0.1469574839355309,0
423,0.7319688200950623,0.21113611617993847,0.09595360606908798,0.7111392282202944,7,8,95,96,21.75,0.25,0.25,0.1310897451296167,0
424,0.7808681130409241,0.17881110326680225,0.09798980504274368,0.6225551474459832,0,0,92,94,23.0,0.0,0.5,0.125488291052305,0
425,0.7755672931671143,0.18141247677119182,0.10232046991586685,0.5917795249927166,0,0,95,96,23.75,0.0,0.25,0.13192984131400123,0
426,0.7194602489471436,0.21609439180020115,0.10255398601293564,0.6200588424056761,0,1,94,95,23.25,0.25,0.25,0.14254294961120215,0
427,0.7530810236930847,0.18914504080579342,0.08045072108507156,0.7207001482601314,0,0,86,88,21.5,0.0,0.5,0.1068287721426625,0
428,0.7850216627120972,0.1799738969231033,0.13168558478355408,0.5049900591472253,0,0,95,96,23.75,0.0,0.25,0.16774770816974144,0
429,0.7450674772262573,0.19267080464102934,0.08844571560621262,0.6903202118982059,1,2,95,96,23.25,0.25,0.25,0.11870832952671478,0
430,0.7633518576622009,0.2090239268320507,0.09832923114299774,0.7196954944434283,0,0,95,96,23.75,0.0,0.25,0.1288124606706734,0
431,0.7843570113182068,0.18529929380127114,0.13240893185138702,0.4909131556110848,0,0,94,96,23.5,0.0,0.5,0.16881207146839652,0
432,0.7240714430809021,0.20444715849311607,0.09395778924226761,0.666621255858371,0,0,95,96,23.75,0.0,0.25,0.12976314718680254,0
433,0.7749233245849609,0.1924449637014101,0.14234919846057892,0.4561369524394338,0,1,94,95,23.25,0.25,0.25,0.18369455911889004,0
434,0.754835307598114,0.1847454622480118,0.08195865899324417,0.6702697788834037,0,2,93,94,22.75,0.5,0.25,0.10857819999707834,0
435,0.7585192918777466,0.18035896956759326,0.1002233475446701,0.6451901797163938,0,0,94,96,23.5,0.0,0.5,0.13213025511396417,0
436,0.6988475322723389,0.20558135480637654,0.11972440779209137,0.5179167046794918,0,0,94,95,23.5,0.0,0.25,0.17131692145037883,0
437,0.7337542772293091,0.18894007840879312,0.17029215395450592,0.44723170833190046,0,0,95,96,23.75,0.0,0.25,0.23208335438607208,0
438,0.7744250297546387,0.2109283554390867,0.12229234725236893,0.6102576118718632,0,0,95,96,23.75,0.0,0.25,0.1579137328388196,0
439,0.7689504027366638,0.2214088927649479,0.10658775269985199,0.6231581984746783,0,0,93,96,23.25,0.0,0.75,0.13861460026616856,0
440,0.7593223452568054,0.20235047959800037,0.12683738768100739,0.5348889844151368,0,4,95,96,22.75,1.0,0.25,0.16704024117466285,0
441,0.8031975030899048,0.17245478025245672,0.11310725659132004,0.5928566361146589,0,0,95,96,23.75,0.0,0.25,0.14082122536013353,0
442,0.7040665745735168,0.21949472569937192,0.09476931393146515,0.6688671340458542,0,0,95,96,23.75,0.0,0.25,0.13460277387670472,0
443,0.7882003784179688,0.1917002651581148,0.07995907217264175,0.7616765398565495,0,1,94,96,23.25,0.25,0.5,0.10144510756659504,0
444,0.7345906496047974,0.20564300322953208,0.13655774295330048,0.4735244676724244,1,2,94,96,23.0,0.25,0.5,0.18589638055802538,0
445,0.7541497349739075,0.19268760255357564,0.10635849088430405,0.6057737915313941,0,0,95,96,23.75,0.0,0.25,0.14103099948445105,0
446,0.7673265337944031,0.18699028935411477,0.10240402817726135,0.6305139767102848,3,4,94,96,22.5,0.25,0.5,0.13345560679477222,0
447,0.7689918875694275,0.18631724902982535,0.11223720759153366,0.5845473078830551,0,0,95,96,23.75,0.0,0.25,0.14595369522854748,0
448,0.7783129215240479,0.1784391033367938,0.09374989569187164,0.6720886555704417,0,0,94,96,23.5,0.0,0.5,0.12045270366101074,0
449,0.7602428793907166,0.2094269872131649,0.09986968338489532,0.5580191837205454,0,0,95,96,23.75,0.0,0.25,0.13136549659621166,0
450,0.7396818995475769,0.20261203985268741,0.10213803499937057,0.5531453120948067,0,1,95,96,23.5,0.25,0.25,0.1380837290487206,0
451,0.7099279761314392,0.22458626191846517,0.09848911315202713,0.5886625939888728,0,0,93,94,23.25,0.0,0.25,0.13873113395068182,0
452,0.7686042785644531,0.17765623449016055,0.1299251765012741,0.48752972056504257,0,0,94,95,23.5,0.0,0.25,0.1690404023562548,0
453,0.7582520246505737,0.19305283681191898,0.10430430620908737,0.5725362650788561,0,1,94,95,23.25,0.25,0.25,0.13755888915318631,0
454,0.7360473275184631,0.1938993183561999,0.11624584347009659,0.514770046351639,2,5,95,96,22.5,0.75,0.25,0.15793256645875214,0
455,0.7330633401870728,0.19062221465867865,0.10492061823606491,0.6283929074469649,0,1,95,96,23.5,0.25,0.25,0.1431262654728988,0
456,0.7637159824371338,0.20141880201931972,0.10265515744686127,0.6614325066471227,0,0,89,93,22.25,0.0,1.0,0.1344153583368428,0
457,0.7447544932365417,0.1978803443675091,0.10106515139341354,0.7050434822353698,1,2,94,96,23.0,0.25,0.5,0.13570264068392027,0
458,0.7535658478736877,0.20621351610810223,0.10375040769577026,0.6132198704731527,0,0,95,96,23.75,0.0,0.25,0.13767928574326904,0
459,0.8004449605941772,0.1744623187108606,0.13058769702911377,0.5204303783197575,0,0,94,95,23.5,0.0,0.25,0.16314388053886603,0
460,0.747395396232605,0.17809611112785856,0.14893758296966553,0.4779607008761953,0,0,95,96,23.75,0.0,0.25,0.19927548887833002,0
461,0.7103577852249146,0.20325254790596875,0.09211769700050354,0.5381381478292969,0,1,95,96,23.5,0.25,0.25,0.1296778875610367,0
462,0.754278838634491,0.19773585685443804,0.10900993645191193,0.6417829022164209,0,1,95,96,23.5,0.25,0.25,0.14452206646716764,0
463,0.6928975582122803,0.2278349768754841,0.09839977324008942,0.5059915223706469,0,0,93,95,23.25,0.0,0.5,0.1420120075094031,0
464,0.7309912443161011,0.20210212036890418,0.11274311691522598,0.563619187655402,2,3,95,96,23.0,0.25,0.25,0.1542331974450746,0
465,0.7958016395568848,0.17697524802012324,0.13297130167484283,0.41247253196120426,0,0,95,96,23.75,0.0,0.25,0.1670910124649698,0
466,0.7449087500572205,0.17067972421673303,0.12452826648950577,0.4761366601369722,3,4,95,96,22.75,0.25,0.25,0.1671725113712788,0
467,0.7752739787101746,0.1937983833090937,0.10144003480672836,0.6434703035633139,0,1,92,96,22.75,0.25,1.0,0.13084411136240434,0
468,0.7542807459831238,0.17729588641591829,0.12626969814300537,0.5558041383008553,0,0,93,94,23.25,0.0,0.25,0.16740411155322069,0
469,0.7809290885925293,0.1894376321572521,0.09099765121936798,0.7396693396109779,0,0,92,93,23.0,0.0,0.25,0.1165248580807424,0
470,0.7544585466384888,0.19163130483118831,0.1079213097691536,0.5749273746349056,0,0,94,95,23.5,0.0,0.25,0.14304471763226756,0
471,0.7693421244621277,0.18091682388245087,0.13665466010570526,0.5406427987973488,0,2,94,96,23.0,0.5,0.5,0.17762534477264588,0
472,0.7336191534996033,0.20836432582902606,0.09849367290735245,0.631366977374575,1,4,95,96,22.75,0.75,0.25,0.13425722656981545,0
473,0.7526185512542725,0.17229085510203498,0.11845672130584717,0.5513847670342874,0,0,94,96,23.5,0.0,0.5,0.1573927736812144,0
474,0.7837350964546204,0.1816251755946299,0.09403184801340103,0.584983797702528,0,0,93,96,23.25,0.0,0.75,0.11997912105604631,0
475,0.7726652026176453,0.18831173715134977,0.11503954231739044,0.5579400876120263,0,0,95,96,23.75,0.0,0.25,0.14888666129606715,0
476,0.759294331073761,0.19712175632877235,0.14312852919101715,0.40076469572240764,2,4,93,95,22.25,0.5,0.5,0.18850203845011065,0
477,0.7852962613105774,0.1912405688464249,0.10733334720134735,0.6944945584622225,0,2,95,96,23.25,0.5,0.25,0.13667879562067342,0
478,0.8058435916900635,0.16218446676625384,0.09948325157165527,0.6090590272202424,0,0,94,96,23.5,0.0,0.5,0.12345230836050088,0
479,0.7523938417434692,0.22440003520537075,0.10958129167556763,0.6213904069092272,0,2,95,96,23.25,0.5,0.25,0.1456435254994148,0
480,0.7561322450637817,0.19280107733106813,0.08258479833602905,0.6627237029092565,0,0,94,96,23.5,0.0,0.5,0.10922004566683016,0
481,0.751647412776947,0.1984858353929182,0.10334876924753189,0.507351867753395,0,0,94,96,23.5,0.0,0.5,0.13749634135732847,0
482,0.7626538872718811,0.1914140480237564,0.09724937379360199,0.5214879958690191,0,0,95,96,23.75,0.0,0.25,0.12751442747046962,0
483,0.7693665623664856,0.18462500549085364,0.13030661642551422,0.4877009910770248,0,1,94,95,23.25,0.25,0.25,0.16936870251379996,0
484,0.7813306450843811,0.1819882217358392,0.1137721985578537,0.587690728754468,0,0,94,96,23.5,0.0,0.5,0.14561338310948585,0
485,0.8082247972488403,0.18170704249823855,0.1013263538479805,0.5947096033005796,0,2,95,96,23.25,0.5,0.25,0.12536902380735002,0
486,0.7556591629981995,0.17472870217734748,0.14575323462486267,0.43577276882682875,0,1,95,96,23.5,0.25,0.25,0.19288224342647184,0
487,0.7482946515083313,0.19613859823816554,0.08556555211544037,0.6815747847473976,0,0,95,96,23.75,0.0,0.25,0.11434740572175225,0
488,0.7497263550758362,0.19041726634262235,0.10625678300857544,0.5800326388222762,1,3,93,96,22.5,0.5,0.75,0.14172742133071656,0
489,0.7815619707107544,0.16173803048312768,0.10160531848669052,0.6806658387862349,0,1,94,96,23.25,0.25,0.5,0.13000289458082306,0
490,0.7431309819221497,0.19483531765240159,0.12659023702144623,0.48672879219363774,0,0,94,96,23.5,0.0,0.5,0.17034713946929453,0
491,0.7703652381896973,0.1972778388844082,0.13105009496212006,0.5389493102774274,0,0,95,96,23.75,0.0,0.25,0.170114237332513,0
492,0.6879806518554688,0.1856156648530635,0.11117605865001678,0.5700301666059278,0,0,95,96,23.75,0.0,0.25,0.16159765300110895,0
493,0.7624423503875732,0.1964672098851908,0.10201399773359299,0.6691188859667632,0,1,95,96,23.5,0.25,0.25,0.13379896549783218,0
494,0.7859975695610046,0.17756269104731676,0.11043217033147812,0.6080214114804694,1,2,95,96,23.25,0.25,0.25,0.14049937888886438,0
495,0.786070704460144,0.17891634778016932,0.10863413661718369,0.6202340269729141,2,3,95,96,23.0,0.25,0.25,0.13819893808635345,0
496,0.7258666157722473,0.1789327469545339,0.10290401428937912,0.6450786852707189,0,0,95,96,23.75,0.0,0.25,0.1417671126531971,0
497,0.7477095127105713,0.1998901070781389,0.11506224423646927,0.5279815452472135,1,2,93,96,22.75,0.25,0.75,0.15388629177573188,0
498,0.7350865006446838,0.1757091003149755,0.15221673250198364,0.39899853569600746,0,1,94,96,23.25,0.25,0.5,0.20707322521701443,0
499,0.7515445947647095,0.2022019932704282,0.09687772393226624,0.7348428496587018,2,3,93,94,22.5,0.25,0.25,0.12890482428736824,0
500,0.7774152755737305,0.19681978973329783,0.10975759476423264,0.4305245965849173,0,0,94,95,23.5,0.0,0.25,0.14118270918105102,0
501,0.7740685939788818,0.1991389316590892,0.09436687082052231,0.573834330764165,0,0,95,96,23.75,0.0,0.25,0.12191021771785877,0
502,0.7750164866447449,0.20499627805752058,0.1278599500656128,0.57608370852357,0,2,93,96,22.75,0.5,0.75,0.16497707115774138,0
503,0.7789448499679565,0.19866119560844123,0.10243809223175049,0.674680093283821,0,0,95,96,23.75,0.0,0.25,0.13150878683640374,0
504,0.7303946018218994,0.19234364763536574,0.09705168753862381,0.6291647196077831,1,2,95,96,23.25,0.25,0.25,0.13287569116274636,0
505,0.7663547396659851,0.21345890766015474,0.12237778306007385,0.6128978839188499,1,4,94,96,22.5,0.75,0.5,0.15968816623149232,0
506,0.782077431678772,0.1756232641484902,0.10378076881170273,0.5748371462893935,0,1,95,96,23.5,0.25,0.25,0.13269884107118604,0
507,0.7953055500984192,0.1844314511272679,0.10707629472017288,0.5580951084076811,0,0,91,93,22.75,0.0,0.5,0.13463541742783283,0
508,0.7896628975868225,0.18992874204287402,0.11837416887283325,0.5121975436419839,0,0,93,95,23.25,0.0,0.5,0.14990468620797542,0
509,0.7705148458480835,0.18828017340942985,0.10545778274536133,0.5695286041616741,0,0,88,90,22.0,0.0,0.5,0.1368666461309866,0
510,0.7791635990142822,0.18883808810700206,0.09850047528743744,0.5090943919712628,0,0,93,95,23.25,0.0,0.5,0.126418220014449,0
511,0.7443995475769043,0.19343054164993187,0.14906542003154755,0.39333829054328484,0,0,94,95,23.5,0.0,0.25,0.2002492082602287,0
512,0.7708578705787659,0.186890220399233,0.1145625188946724,0.4878615307263682,0,2,95,96,23.25,0.5,0.25,0.1486169153447937,0
513,0.7534886002540588,0.19239986169298262,0.1426934450864792,0.4402735694828579,3,4,95,96,22.75,0.25,0.25,0.18937704570230562,0
514,0.7458471059799194,0.19168136177063044,0.1216573491692543,0.5324266241759155,0,0,93,94,23.25,0.0,0.25,0.16311298682243558,0
515,0.7346205115318298,0.22200369869516856,0.10057783126831055,0.6935508197148776,0,0,93,96,23.25,0.0,0.75,0.1369112755354268,0
516,0.784552276134491,0.17996778448761236,0.13487955927848816,0.521571235803913,0,1,95,96,23.5,0.25,0.25,0.1719191485149252,0
517,0.7025290131568909,0.1980354441669231,0.1192157045006752,0.4870228545826378,0,1,93,95,23.0,0.25,0.5,0.16969506208002202,0
518,0.7530426979064941,0.20817639520783665,0.11392749100923538,0.5984927561405208,0,0,94,95,23.5,0.0,0.25,0.1512895501489636,0
519,0.7255995273590088,0.18903145674963898,0.11256062984466553,0.6027611739549917,0,1,95,96,23.5,0.25,0.25,0.1551277607006672,0
520,0.7961363792419434,0.16425910641888958,0.11945555359125137,0.5053215691359593,1,2,95,96,23.25,0.25,0.25,0.15004408378498327,0
521,0.7208890318870544,0.19702057404387824,0.0746440514922142,0.6943144495388807,0,0,94,96,23.5,0.0,0.5,0.10354444053174204,0
522,0.7575255632400513,0.19879280078872186,0.10435561090707779,0.6780214977853296,0,0,93,94,23.25,0.0,0.25,0.137758533798824,0
523,0.7678641676902771,0.1949324683335063,0.14960378408432007,0.4472900692647419,0,0,95,96,23.75,0.0,0.25,0.19483105265131176,0
524,0.7679600119590759,0.18630054444071983,0.10190971940755844,0.6570734176282348,0,2,92,94,22.5,0.5,0.5,0.1327018566338961,0
525,0.7650225162506104,0.19195882211599144,0.11425579339265823,0.60714699096905,0,2,95,96,23.25,0.5,0.25,0.14934958248369998,0
526,0.7320463061332703,0.20201003949046464,0.12029144912958145,0.5318515141764649,0,0,95,96,23.75,0.0,0.25,0.16432218579856092,0
527,0.7892240881919861,0.16331765171815416,0.16910572350025177,0.41845877686138594,0,0,95,96,23.75,0.0,0.25,0.2142683250933862,0
528,0.7370622754096985,0.20423192803601983,0.09827090054750443,0.7199740828011439,9,11,94,96,20.75,0.5,0.5,0.13332781208057382,0
529,0.7728540897369385,0.16482958953721713,0.22922277450561523,0.26184069563046714,0,0,94,95,23.5,0.0,0.25,0.2965925619719983,0
530,0.7557993531227112,0.21156758930393024,0.11795888096094131,0.5093941305467039,0,1,93,96,23.0,0.25,0.75,0.15607168817170128,0
531,0.797340989112854,0.17975019664111117,0.08808302879333496,0.7124403162023241,0,0,95,96,23.75,0.0,0.25,0.11047096536619651,0
532,0.7895164489746094,0.18336673615238178,0.1263585388660431,0.496213639083476,2,3,91,92,22.0,0.25,0.25,0.16004547977455344,0
533,0.7318938374519348,0.20262909677476626,0.09597741812467575,0.7010975346671303,0,0,95,96,23.75,0.0,0.25,0.13113571014454511,0
534,0.7468408346176147,0.21015705619593436,0.08133884519338608,0.6668215458021648,0,1,94,95,23.25,0.25,0.25,0.10891054883873867,0
535,0.7998026609420776,0.17479663466647669,0.11734176427125931,0.539147818528326,0,0,92,95,23.0,0.0,0.75,0.1467133956931875,0
536,0.7151827812194824,0.2003353717079142,0.10529831796884537,0.6345320044341922,1,2,93,94,22.75,0.25,0.25,0.14723273648912188,0
537,0.7177685499191284,0.21137940973702554,0.10293159633874893,0.6241226268517135,0,0,95,96,23.75,0.0,0.25,0.14340499643004187,0
538,0.7487032413482666,0.2029444582966727,0.11548273265361786,0.5047183743305572,4,5,95,96,22.5,0.25,0.25,0.15424366594921676,0
539,0.7442425489425659,0.18879596851529812,0.09168399125337601,0.6286889149889843,0,1,95,96,23.5,0.25,0.25,0.1231910099518529,0
540,0.7676755785942078,0.18093725831185922,0.12591207027435303,0.5565837173259157,0,0,94,95,23.5,0.0,0.25,0.16401729296238296,0
541,0.7556166648864746,0.18403153344317932,0.1012813076376915,0.5633882622649958,0,0,95,96,23.75,0.0,0.25,0.1340379485316251,0
542,0.7388174533843994,0.22055402047550282,0.11591532081365585,0.5795386405522445,1,2,95,96,23.25,0.25,0.25,0.15689304615459085,0
543,0.765146791934967,0.18863800147588622,0.07739721983671188,0.687036554111689,0,0,95,96,23.75,0.0,0.25,0.10115342657450518,0
544,0.7676274180412292,0.20834057076319562,0.07886973023414612,0.6398973862514354,0,1,94,95,23.25,0.25,0.25,0.10274480611362169,0
545,0.741995096206665,0.20536825711974957,0.1268267035484314,0.49623907145364765,1,2,95,96,23.25,0.25,0.25,0.1709266061148022,0
546,0.7833011746406555,0.17974517283380662,0.09655749797821045,0.6310357748249037,1,2,95,96,23.25,0.25,0.25,0.12326995171749465,0
547,0.7577352523803711,0.17210986378333204,0.15239080786705017,0.46217947125848285,1,2,95,96,23.25,0.25,0.25,0.2011135253221034,0
548,0.767315685749054,0.1756165086188046,0.099204882979393,0.6112069842150095,0,0,94,96,23.5,0.0,0.5,0.12928822494036357,0
549,0.7740712761878967,0.19496932298977396,0.10260282456874847,0.6561271205431541,0,1,90,93,22.25,0.25,0.75,0.13254958260955138,0
550,0.7500547170639038,0.21010040265960364,0.10831321030855179,0.6499376476907771,0,0,94,96,23.5,0.0,0.5,0.14440707836962197,0
551,0.7859334945678711,0.1721407219415831,0.14894838631153107,0.47037678086812235,0,2,95,96,23.25,0.5,0.25,0.18951779933164342,0
552,0.7500140070915222,0.19936572703156055,0.11803495138883591,0.5660120702800835,0,1,93,95,23.0,0.25,0.5,0.1573769959931327,0
553,0.7471054196357727,0.19995705401213895,0.10107247531414032,0.5821338759953583,0,0,95,96,23.75,0.0,0.25,0.13528542647089212,0
554,0.732071042060852,0.17470341424937108,0.09499441087245941,0.6419752055187109,0,1,94,95,23.25,0.25,0.25,0.12976119176226503,0
555,0.7577540874481201,0.18227770950123195,0.12782692909240723,0.517101192308051,0,0,93,96,23.25,0.0,0.75,0.1686918371141864,0
556,0.7351973056793213,0.22554100817831907,0.09691022336483002,0.7079126198290622,0,1,95,96,23.5,0.25,0.25,0.13181525913684505,0
557,0.7653099298477173,0.19709141986188225,0.08972131460905075,0.47882885265646424,0,1,95,96,23.5,0.25,0.25,0.11723526784358287,0
558,0.7342061400413513,0.20704014106260504,0.09011203795671463,0.5269009816172181,0,0,94,95,23.5,0.0,0.25,0.1227339748910836,0
559,0.8263604640960693,0.15548596338668674,0.1564396321773529,0.45978029593981457,0,0,95,96,23.75,0.0,0.25,0.18931161275785074,0
560,0.6780315041542053,0.22132367413738374,0.10439939051866531,0.549284272638889,0,1,93,94,23.0,0.25,0.25,0.15397424733072826,0
561,0.7708762884140015,0.18243659050635583,0.13185393810272217,0.440064991307068,0,0,95,96,23.75,0.0,0.25,0.17104422601192995,0
562,0.8052135109901428,0.1700279460555926,0.120147705078125,0.5069892307753365,2,3,94,96,22.75,0.25,0.5,0.14921223183449017,0
563,0.7694089412689209,0.1884664532162429,0.0978393629193306,0.6193637768902107,1,2,94,95,23.0,0.25,0.25,0.12716171813388655,0
564,0.7554188370704651,0.1979458450783406,0.11306782066822052,0.584523909464245,0,3,93,94,22.5,0.75,0.25,0.14967567013115615,0
565,0.7575376033782959,0.18749344971569012,0.10239928960800171,0.6029316491799939,0,0,95,96,23.75,0.0,0.25,0.13517387011726464,0
566,0.7641451358795166,0.19525575130177092,0.10311520099639893,0.625707014392024,3,4,93,94,22.25,0.25,0.25,0.1349419058693808,0
567,0.7156976461410522,0.19663840607144886,0.08400863409042358,0.6670250264113674,0,0,95,96,23.75,0.0,0.25,0.11738006201834966,0
568,0.7173635959625244,0.21172043487841333,0.15315638482570648,0.41456376735465356,0,0,95,96,23.75,0.0,0.25,0.2134989643852899,0
569,0.7444767355918884,0.18755615881735566,0.0932588130235672,0.6543955549682647,0,0,95,96,23.75,0.0,0.25,0.1252675987912809,0
570,0.7638086080551147,0.1915153572703347,0.0900137722492218,0.69082321616522,0,1,95,96,23.5,0.25,0.25,0.11784859623201131,0
571,0.7325752377510071,0.19071669807420696,0.10078191757202148,0.5869708251519955,1,2,95,96,23.25,0.25,0.25,0.13757210505970716,0
572,0.7624009847640991,0.18945005795496603,0.12312813103199005,0.5275747674358516,0,0,95,96,23.75,0.0,0.25,0.16150048792249155,0
573,0.7398456931114197,0.19822210599577797,0.1311834454536438,0.4890656315413789,0,2,88,90,21.5,0.5,0.5,0.17731189986651413,0
574,0.7726608514785767,0.1778041985025493,0.10636438429355621,0.5601352158793095,0,2,95,96,23.25,0.5,0.25,0.13765985954900595,0
575,0.78132164478302,0.17215904730416415,0.1073489859700203,0.5935453695366723,0,0,95,96,23.75,0.0,0.25,0.1373941022711998,0
576,0.7706792950630188,0.17465161823572162,0.13167805969715118,0.556751763795914,0,0,95,96,23.75,0.0,0.25,0.17085973444555017,0
577,0.7687857747077942,0.19349438308089922,0.11458517611026764,0.5680757108129713,0,0,94,96,23.5,0.0,0.5,0.14904695154358186,0
578,0.7353314757347107,0.19296289196198532,0.13561376929283142,0.4720134391310912,0,1,94,96,23.25,0.25,0.5,0.1844253561393277,0
579,0.7983127236366272,0.1891792191191749,0.12520310282707214,0.5658471588164963,0,0,94,95,23.5,0.0,0.25,0.15683465779766476,0
580,0.7177191376686096,0.23051537749695236,0.10202348232269287,0.5353481176278138,0,2,95,96,23.25,0.5,0.25,0.14214959162730292,0
581,0.7235147953033447,0.19203093133586477,0.14208228886127472,0.5289893078968904,0,1,95,96,23.5,0.25,0.25,0.19637786232374768,0
582,0.7413522005081177,0.19186168467061687,0.13244540989398956,0.5059976861615563,0,1,94,96,23.25,0.25,0.5,0.17865382985740433,0
583,0.7633768916130066,0.18877096561588633,0.12645773589611053,0.6069184528014414,0,1,95,96,23.5,0.25,0.25,0.16565570334321594,0
584,0.7546593546867371,0.19607133923693573,0.10367706418037415,0.6072345547706481,1,2,95,96,23.25,0.25,0.25,0.13738259989291596,0
585,0.7554437518119812,0.19624392951910422,0.12637290358543396,0.5270479281176105,0,0,95,96,23.75,0.0,0.25,0.16728300853944492,0
586,0.7464161515235901,0.1992305824942295,0.1156977042555809,0.5705327360987407,0,0,95,96,23.75,0.0,0.25,0.15500428818349912,0
587,0.765688955783844,0.18519106027971538,0.12662482261657715,0.5252276865316144,0,0,95,96,23.75,0.0,0.25,0.165373709076096,0
588,0.7321019768714905,0.22628706727621023,0.09164752811193466,0.6820350315993621,0,0,92,93,23.0,0.0,0.25,0.1251841014056188,0
589,0.7903333902359009,0.1709676781958784,0.09895140677690506,0.6494566348867592,0,2,95,96,23.25,0.5,0.25,0.12520210837526397,0
590,0.749697208404541,0.17954280594620758,0.11286953091621399,0.5202113433597209,0,0,92,94,23.0,0.0,0.5,0.15055348966340146,0
591,0.7430813908576965,0.20510126185174316,0.09258414804935455,0.599548832754433,0,1,94,95,23.25,0.25,0.25,0.12459489524086984,0
592,0.7467885613441467,0.20411972336572184,0.09800717234611511,0.8030787651186304,0,0,95,96,23.75,0.0,0.25,0.13123818095139506,0
593,0.7342283129692078,0.20045362158939536,0.0883970707654953,0.7064522733199522,0,0,95,96,23.75,0.0,0.25,0.12039452742978397,0
594,0.7238060235977173,0.20161982385565883,0.10803359746932983,0.5547425300813296,9,10,93,96,20.75,0.25,0.75,0.14925766565514742,0
595,0.7240442037582397,0.2037723608732239,0.0805903747677803,0.6569024514690629,1,2,95,96,23.25,0.25,0.25,0.11130587656038973,0
596,0.7898099422454834,0.1735228942950817,0.11825089156627655,0.5158917953249896,1,3,92,93,22.25,0.5,0.25,0.1497206925884995,0
597,0.7677643299102783,0.16764266884704448,0.13271650671958923,0.4499848929776093,1,2,95,96,23.25,0.25,0.25,0.1728609959453295,0
598,0.7274519205093384,0.21748488973599994,0.08419785648584366,0.8089856112529639,0,0,93,94,23.25,0.0,0.25,0.11574353453750048,0
599,0.7799994349479675,0.18059060833385104,0.1353238821029663,0.5324076092845269,0,1,95,96,23.5,0.25,0.25,0.17349228222452948,0
600,0.7223012447357178,0.19679450849317276,0.10938593000173569,0.5800883436475393,0,0,95,96,23.75,0.0,0.25,0.15144087151858476,0
601,0.7434276342391968,0.1994103135774077,0.0871143713593483,0.6817086691207619,0,0,95,96,23.75,0.0,0.25,0.11717935592816472,0
602,0.7305370569229126,0.20509350315403133,0.10842366516590118,0.588398885735376,0,1,92,94,22.75,0.25,0.5,0.14841637961884008,0
603,0.714556872844696,0.1928623175561121,0.1418003886938095,0.47313411018821544,1,2,95,96,23.25,0.25,0.25,0.19844521000727794,0
604,0.7121326327323914,0.19953711635714713,0.07630414515733719,0.794230683417422,7,8,95,96,21.75,0.25,0.25,0.10714878331662007,0
605,0.7197826504707336,0.1891124250359123,0.10116451978683472,0.6143297074871896,0,0,94,95,23.5,0.0,0.25,0.14054870553030657,0
606,0.7381001114845276,0.20083879332308563,0.08639071881771088,0.6921598190142341,0,1,95,96,23.5,0.25,0.25,0.11704471720503437,0
607,0.7343461513519287,0.19393436872072106,0.0942336693406105,0.6391832938285298,0,1,95,96,23.5,0.25,0.25,0.12832322899374723,0
608,0.7502717971801758,0.18490205976227791,0.1347983032464981,0.409386285519349,0,1,94,96,23.25,0.25,0.5,0.17966596072666538,0
609,0.7844785451889038,0.16720418686023927,0.12993426620960236,0.449948025979212,0,0,95,96,23.75,0.0,0.25,0.16563138279111758,0
610,0.7535066604614258,0.1968374774872834,0.10688772052526474,0.49777694163071584,0,1,95,96,23.5,0.25,0.25,0.14185371693968807,0
611,0.7700163722038269,0.1874565117889675,0.12551134824752808,0.5459382038826421,0,1,94,95,23.25,0.25,0.25,0.16299828520308998,0
612,0.7597513794898987,0.1840808737260143,0.13645626604557037,0.4322681867446362,1,2,95,96,23.25,0.25,0.25,0.17960647355084486,0
613,0.7240760326385498,0.19339439561145144,0.12567783892154694,0.5574241083544569,0,0,94,96,23.5,0.0,0.5,0.17356994743158946,0
614,0.7468429803848267,0.1843100720465994,0.14027312397956848,0.4446051816685912,0,0,95,96,23.75,0.0,0.25,0.18782143993278183,0
615,0.7261003851890564,0.21259256425678563,0.08225532621145248,0.7916631907090166,2,3,88,90,21.25,0.25,0.5,0.11328368348136254,0
616,0.7591192126274109,0.19183327500742586,0.11323470622301102,0.5676176075898937,0,1,95,96,23.5,0.25,0.25,0.14916590746147879,0
617,0.7223795652389526,0.19377441413099103,0.11777985095977783,0.5468997499010636,0,0,93,94,23.25,0.0,0.25,0.16304427288279946,0
618,0.7227686643600464,0.2137026364570941,0.10138741880655289,0.6282391174772407,0,2,90,92,22.0,0.5,0.5,0.1402764450176092,0
619,0.7856685519218445,0.1971426481893217,0.12273508310317993,0.5413445479767652,0,0,95,96,23.75,0.0,0.25,0.15621738047546185,0
620,0.7747161388397217,0.17195962633043999,0.12643368542194366,0.5549864870455133,0,0,95,96,23.75,0.0,0.25,0.16320001492585542,0
621,0.7500940561294556,0.21500905082367264,0.13007822632789612,0.4867365485058427,0,1,91,93,22.5,0.25,0.5,0.1734158873343298,0
622,0.7920709252357483,0.19960039492066406,0.11752735823392868,0.5064089873024115,0,2,95,96,23.25,0.5,0.25,0.14837984136199467,0
623,0.775235652923584,0.2200780875662064,0.1017836183309555,0.6336052134934895,0,0,94,95,23.5,0.0,0.25,0.13129377879759158,0
624,0.7800792455673218,0.20352969973466403,0.11851245909929276,0.5444610505421283,0,0,91,92,22.75,0.0,0.25,0.1519236151618201,0
625,0.7392529249191284,0.17409744371465158,0.12408804893493652,0.48298843409617975,0,0,95,96,23.75,0.0,0.25,0.16785601348619797,0
626,0.7220316529273987,0.20449149602007846,0.1313868761062622,0.48360476040985234,0,0,94,96,23.5,0.0,0.5,0.18196830509239925,0
627,0.7199970483779907,0.20525628612201155,0.06483227014541626,0.8130798906872727,0,2,93,94,22.75,0.5,0.25,0.09004518878441292,0
628,0.7731248736381531,0.16547528028739447,0.08862347155809402,0.7020011028310509,0,4,95,96,22.75,1.0,0.25,0.11463021638542265,0
629,0.7480038404464722,0.20063742776360538,0.122479148209095,0.5709820253493046,0,0,95,96,23.75,0.0,0.25,0.16374133605515856,0
630,0.7469719052314758,0.19562535324261862,0.10107950121164322,0.6591121426266935,0,6,95,96,22.25,1.5,0.25,0.1353190133440429,0
631,0.7292472720146179,0.2123217749066817,0.07396212965250015,0.8482554045122664,0,0,95,96,23.75,0.0,0.25,0.10142256610459774,0
632,0.7698814868927002,0.1907818569286898,0.12657368183135986,0.5247988160414099,0,0,95,96,23.75,0.0,0.25,0.16440670932641957,0
633,0.7654752731323242,0.16933286348872933,0.10723044723272324,0.623094744128202,4,5,95,96,22.5,0.25,0.25,0.1400834892993164,0
634,0.7801447510719299,0.17527457171503538,0.19044281542301178,0.33386824091043776,1,5,93,94,22.0,1.0,0.25,0.24411215375267303,0
635,0.7622025609016418,0.19583493025333765,0.09598556905984879,0.5929300824771316,0,0,95,96,23.75,0.0,0.25,0.12593183752400855,0
636,0.7276330590248108,0.21219352329443725,0.07678373903036118,0.7755127992276925,0,0,93,94,23.25,0.0,0.25,0.10552535797819353,0
637,0.7530278563499451,0.1941856197280435,0.12372801452875137,0.5304769044252751,0,0,95,96,23.75,0.0,0.25,0.16430735395166154,0
638,0.7761638164520264,0.15960975222602472,0.11315750330686569,0.5526384664265125,4,6,95,96,22.25,0.5,0.25,0.1457907479172727,0
639,0.7589386701583862,0.21264075176091377,0.11199448257684708,0.6441127368295353,0,0,95,96,23.75,0.0,0.25,0.14756723695931118,0
640,0.7239911556243896,0.18670417771094952,0.1164652407169342,0.572562421233775,0,0,92,96,23.0,0.0,1.0,0.16086555728224528,0
641,0.755843460559845,0.20156247769784422,0.155568927526474,0.38444458716401275,3,4,95,96,22.75,0.25,0.25,0.20582162265615925,0
642,0.7605880498886108,0.19428106547131588,0.10889802128076553,0.5808954474346515,0,0,95,96,23.75,0.0,0.25,0.14317608762945172,0
643,0.751374363899231,0.20084049462278586,0.11304526031017303,0.4943518210826065,0,0,94,96,23.5,0.0,0.5,0.15045131394093433,0
644,0.76358562707901,0.20125640073122444,0.11287732422351837,0.5157708794467747,0,1,91,93,22.5,0.25,0.5,0.14782536525119624,0
645,0.7458234429359436,0.19587050614644588,0.12713782489299774,0.5020440514177383,0,0,93,94,23.25,0.0,0.25,0.17046638329376998,0
646,0.7785860896110535,0.1917043565986223,0.11131266504526138,0.6565037272425888,0,1,95,96,23.5,0.25,0.25,0.1429677032900346,0
647,0.7271322011947632,0.20936204377743098,0.09766553342342377,0.6093523976831426,0,1,95,96,23.5,0.25,0.25,0.13431606145752847,0
648,0.7349764704704285,0.2090735122346302,0.10240208357572556,0.643238244565425,0,2,94,96,23.0,0.5,0.5,0.13932702295922775,0
649,0.7866598963737488,0.17776445880322592,0.10171180963516235,0.6592798989241351,3,4,91,96,21.75,0.25,1.25,0.1292957860239493,0
650,0.7149348855018616,0.2085741045337254,0.13753314316272736,0.4371681159925904,0,1,95,96,23.5,0.25,0.25,0.192371565511429,0
651,0.7422028183937073,0.20747862789697188,0.10740005970001221,0.6438967846808379,0,0,95,96,23.75,0.0,0.25,0.1447044622283299,0
652,0.7313326597213745,0.1931963272855482,0.09393705427646637,0.5867388117624832,0,0,94,95,23.5,0.0,0.25,0.1284464094797227,0
653,0.7331989407539368,0.20300524256613486,0.12089327722787857,0.5334696657917551,0,0,95,96,23.75,0.0,0.25,0.1648846861447535,0
654,0.7881714105606079,0.17643115701183107,0.12545570731163025,0.5576186664037752,0,1,95,96,23.5,0.25,0.25,0.15917312608737805,0
655,0.7523800730705261,0.1890406939229142,0.11949744820594788,0.6050477608002057,0,1,95,96,23.5,0.25,0.25,0.15882590791947582,0
656,0.7904455065727234,0.1848099853146049,0.10547313839197159,0.6734707673897925,0,0,95,96,23.75,0.0,0.25,0.13343505341600387,0
657,0.7474702596664429,0.20039773230189936,0.12879687547683716,0.5024919557230408,0,0,94,96,23.5,0.0,0.5,0.1723103679527163,0
658,0.7144483327865601,0.2103447358159469,0.12276822328567505,0.55842524356596,0,0,94,96,23.5,0.0,0.5,0.17183639131306055,0
659,0.7478832602500916,0.18859281114755336,0.08234859257936478,0.7284743981099178,0,2,95,96,23.25,0.5,0.25,0.11010888591332753,0
660,0.7727599143981934,0.19145608943011672,0.09671910107135773,0.6067474678035943,0,0,95,96,23.75,0.0,0.25,0.12516060844936583,0
661,0.7898869514465332,0.1698155628721296,0.12000274658203125,0.6072074273634688,0,1,95,96,23.5,0.25,0.25,0.1519239510948601,0
662,0.7696959376335144,0.18005411839138627,0.15612512826919556,0.4156938566702744,0,2,92,93,22.5,0.5,0.25,0.20284000556013523,0
663,0.7687624096870422,0.19018567894273805,0.0981123074889183,0.7094879556842507,0,0,93,95,23.25,0.0,0.5,0.12762370565030506,0
664,0.6940615177154541,0.20858758959226822,0.09945384413003922,0.6905126722772477,0,0,95,96,23.75,0.0,0.25,0.14329254913512224,0
665,0.7634801864624023,0.20430998045760068,0.09393411129713058,0.6844308399767347,0,0,95,96,23.75,0.0,0.25,0.12303411792829332,0
666,0.744162917137146,0.18996953700053393,0.12515336275100708,0.5468272630939766,1,2,93,95,22.75,0.25,0.5,0.1681800582491829,0
667,0.7737244367599487,0.1890622614291012,0.10368763655424118,0.6716596059746553,0,0,92,96,23.0,0.0,1.0,0.13401106599197501,0
668,0.7635676264762878,0.15928456445119132,0.09837805479764938,0.6167148045691032,0,1,95,96,23.5,0.25,0.25,0.12884000236055643,0
669,0.7455959916114807,0.20445504345862286,0.11714876443147659,0.5744770499027535,0,1,94,95,23.25,0.25,0.25,0.15712096866062703,0
670,0.7514355778694153,0.17824583840227773,0.11433576792478561,0.5429489999502798,0,0,93,94,23.25,0.0,0.25,0.15215644732841613,0
671,0.7488803267478943,0.20703867845334578,0.11740146577358246,0.5894117529093392,0,1,95,96,23.5,0.25,0.25,0.1567693282629187,0
672,0.7953082323074341,0.14563559942555898,0.1632862389087677,0.38238164715785444,0,0,94,95,23.5,0.0,0.25,0.20531189327064306,0
673,0.763622522354126,0.1921626613984667,0.09576231986284256,0.6970331675847532,2,3,93,96,22.5,0.25,0.75,0.12540531094816673,0
674,0.7329726219177246,0.189673394192518,0.12198065221309662,0.512476815551657,0,0,93,94,23.25,0.0,0.25,0.16641911111761665,0
675,0.7500348091125488,0.1906626942147079,0.11573239415884018,0.524826825706952,0,0,93,94,23.25,0.0,0.25,0.15430269735850832,0
676,0.7787295579910278,0.20646714551661036,0.1360473781824112,0.4684932122013344,0,0,94,95,23.5,0.0,0.25,0.1747042690062866,0
677,0.763094425201416,0.20683896239826285,0.10276851058006287,0.6158151069253922,0,1,94,95,23.25,0.25,0.25,0.13467338665583553,0
678,0.7783762216567993,0.18538958537822156,0.10180787742137909,0.6502482139383576,0,2,95,96,23.25,0.5,0.25,0.1307952049263243,0
679,0.8238738775253296,0.1655002311480498,0.10232145339250565,0.5788213919790746,0,0,95,96,23.75,0.0,0.25,0.12419553063127654,0
680,0.7684928178787231,0.19211821064951443,0.12057504802942276,0.5234580270326668,0,0,94,96,23.5,0.0,0.5,0.15689808053411225,0
681,0.759218156337738,0.16903516582091382,0.11106689274311066,0.6324431249281385,0,0,94,96,23.5,0.0,0.5,0.14629114414079236,0
682,0.7469016313552856,0.22465277916323848,0.08785727620124817,0.7076692392573816,5,6,94,95,22.0,0.25,0.25,0.11762897885472187,0
683,0.7924582958221436,0.1957208344577956,0.11297519505023956,0.6404407781591231,0,2,94,95,23.0,0.5,0.25,0.14256295333880295,0
684,0.7594066858291626,0.19348653884039613,0.0828695148229599,0.6292391102838034,0,1,94,96,23.25,0.25,0.5,0.10912402586037064,0
685,0.7494703531265259,0.1977818600025163,0.08713643252849579,0.6328443572067781,0,0,93,96,23.25,0.0,0.75,0.1162640152008593,0
686,0.781090497970581,0.18543405315599407,0.1161310076713562,0.5635735659055973,0,0,87,88,21.75,0.0,0.25,0.14867804431507775,0
687,0.7870433926582336,0.1605804680062255,0.11929140239953995,0.4462294440810489,0,1,93,94,23.0,0.25,0.25,0.15156902848346654,0
688,0.7567663788795471,0.20892787367916643,0.09641575068235397,0.6473352336422526,0,2,94,96,23.0,0.5,0.5,0.1274049077406229,0
689,0.7836916446685791,0.17317144051443228,0.10388187319040298,0.5530486762727314,0,1,94,96,23.25,0.25,0.5,0.1325545243427143,0
690,0.7266862392425537,0.17391089662766004,0.10648931562900543,0.6047669329507805,0,0,95,96,23.75,0.0,0.25,0.14654098272178975,0
691,0.7833817601203918,0.18787958044474742,0.11748836189508438,0.629906447584793,0,1,95,96,23.5,0.25,0.25,0.1499758711219272,0
692,0.7405041456222534,0.2101673766327597,0.10658468306064606,0.6545550770001637,0,0,95,96,23.75,0.0,0.25,0.14393529555608608,0
693,0.7979901432991028,0.1725783427956253,0.1224457323551178,0.5029885505928179,0,0,93,96,23.25,0.0,0.75,0.15344266264855688,0
694,0.7424156069755554,0.18334716639422038,0.13711172342300415,0.534142422923786,1,3,95,96,23.0,0.5,0.25,0.18468324498399002,0
695,0.7528225779533386,0.19362239135562218,0.13945893943309784,0.4936617761152422,0,3,95,96,23.0,0.75,0.25,0.1852480830373578,0
696,0.7050307989120483,0.21004186176824122,0.08541781455278397,0.6105908325508511,3,5,95,96,22.5,0.5,0.25,0.12115472782833665,0
697,0.688589334487915,0.19958949543185558,0.10861168056726456,0.6132447747103726,0,1,95,96,23.5,0.25,0.25,0.15773070410397233,0
698,0.7476236820220947,0.19263001469180846,0.10078100115060806,0.6848157005047167,0,1,95,96,23.5,0.25,0.25,0.1348017773835442,0
699,0.7930819988250732,0.16543627366540736,0.09793205559253693,0.6658998656291306,0,0,89,92,22.25,0.0,0.75,0.12348288794553436,0
700,0.705050528049469,0.20168829681154912,0.09831047058105469,0.6294256130803407,0,0,95,96,23.75,0.0,0.25,0.1394374823787904,0
701,0.7498908638954163,0.2120222618390264,0.10846038907766342,0.607505632738253,0,0,95,96,23.75,0.0,0.25,0.1446348986227813,0
702,0.7304527759552002,0.18844243442901995,0.13106155395507812,0.4923595787430509,0,0,93,95,23.25,0.0,0.5,0.17942508847843208,0
703,0.7385679483413696,0.1956922315459288,0.08841844648122787,0.661192882337491,3,4,95,96,22.75,0.25,0.25,0.11971606225235278,0
704,0.7445085048675537,0.18892661226920976,0.12750637531280518,0.4827913633214629,2,3,95,96,23.0,0.25,0.25,0.17126248320761395,0
705,0.7847143411636353,0.1802246272442102,0.10727928578853607,0.6925273957199991,5,6,94,96,22.0,0.25,0.5,0.136711259322028,0
706,0.7161557078361511,0.21584790936803766,0.07375744730234146,0.7699581910584484,0,0,95,96,23.75,0.0,0.25,0.10299079724603184,0
707,0.7718884348869324,0.200006579079962,0.12783655524253845,0.4871276445203303,0,1,93,95,23.0,0.25,0.5,0.1656153265999693,0
708,0.7530311942100525,0.17946199261075496,0.17047540843486786,0.3768188922583288,0,1,95,96,23.5,0.25,0.25,0.22638558634174588,0
709,0.757951557636261,0.18564510463210376,0.1073160320520401,0.6494815156701945,0,0,89,94,22.25,0.0,1.25,0.14158692725259994,0
710,0.7706040143966675,0.18219546756452173,0.133622944355011,0.5405003900846678,0,0,94,95,23.5,0.0,0.25,0.17340027025375543,0
711,0.7539056539535522,0.21412448319705563,0.10991411656141281,0.6000168243548873,0,0,95,96,23.75,0.0,0.25,0.14579293308786428,0
712,0.7710352540016174,0.20296884814072547,0.09302770346403122,0.6679095019232391,0,0,95,96,23.75,0.0,0.25,0.12065298309153069,0
713,0.747858464717865,0.1924925498026099,0.08932594209909439,0.6300556546036512,0,2,93,94,22.75,0.5,0.25,0.11944230935835332,0
714,0.751185953617096,0.19617469803755655,0.11292032897472382,0.5548151843076398,0,0,89,90,22.25,0.0,0.25,0.15032273757382184,0
715,0.7410571575164795,0.1872341926357184,0.11805889755487442,0.5809383515180905,0,0,95,96,23.75,0.0,0.25,0.15931145979417796,0
716,0.7893528938293457,0.18020569737820566,0.08015783876180649,0.7909093773606108,0,1,95,96,23.5,0.25,0.25,0.10154879951467718,0
717,0.7852426767349243,0.17300296579993632,0.12739920616149902,0.5660266496179478,0,0,92,96,23.0,0.0,1.0,0.16224182655383793,0
718,0.761016309261322,0.1906453063131401,0.15970458090305328,0.3820623716537846,5,6,95,96,22.25,0.25,0.25,0.2098569754149816,0
719,0.7257733941078186,0.22305002185775386,0.11112802475690842,0.5456718718855493,0,0,94,96,23.5,0.0,0.5,0.1531166968355409,0
720,0.7573709487915039,0.21815397003882084,0.08900266885757446,0.6458958242505946,1,2,95,96,23.25,0.25,0.25,0.11751529286882635,0
721,0.8039769530296326,0.1792746892814951,0.1036657840013504,0.597558277811661,0,0,93,94,23.25,0.0,0.25,0.12894123844061178,0
722,0.7395591735839844,0.17758320932475719,0.11563281714916229,0.5610312878101471,0,0,95,96,23.75,0.0,0.25,0.1563537053955981,0
723,0.7733726501464844,0.18066905766764496,0.1209714338183403,0.6137439872396231,0,4,95,96,22.75,1.0,0.25,0.15642062567822526,0
724,0.7989081144332886,0.1955864137706594,0.11344657093286514,0.5591049864837982,0,1,93,95,23.0,0.25,0.5,0.14200202611953605,0
725,0.7522457838058472,0.19963882433388613,0.08507945388555527,0.668779984116185,0,0,94,96,23.5,0.0,0.5,0.11310060583538488,0
726,0.7796894311904907,0.177501972705794,0.1003190353512764,0.6138523459268319,0,1,95,96,23.5,0.25,0.25,0.12866537795452923,0
727,0.7799000144004822,0.20042223840925072,0.07187779247760773,0.581541998288843,0,0,95,96,23.75,0.0,0.25,0.09216283004284977,0
728,0.7253599762916565,0.21195692500962035,0.1091843768954277,0.6178469394920147,0,0,95,96,23.75,0.0,0.25,0.15052440231624564,0
729,0.7486759424209595,0.20304701617696724,0.09199286252260208,0.7610846716464704,0,0,93,94,23.25,0.0,0.25,0.12287407316058391,0
730,0.767838180065155,0.19128595944151408,0.11680969595909119,0.5845623006911881,1,4,95,96,22.75,0.75,0.25,0.15212801211471313,0
731,0.7321901321411133,0.20683990018977358,0.1278093010187149,0.46045271283413103,1,2,91,92,22.25,0.25,0.25,0.17455753008438868,0
